t,x,y,z,v_x,v_y,v_z
-1868.334147532975,-11.499883651733398,19.133363723754883,77.104248046875,0.5152350068092346,-0.32687389850616455,0.16114819049835205
-1867.2984855886664,-10.965418815612793,18.79339599609375,77.2652816772461,0.5168746709823608,-0.32964199781417847,0.14982576668262482
-1866.2628236443575,-10.429295539855957,18.450586318969727,77.41458129882812,0.5184362530708313,-0.33236050605773926,0.1384797990322113
-1865.2271617000488,-9.891595840454102,18.1049861907959,77.55210876464844,0.5199199318885803,-0.3350294828414917,0.12710976600646973
-1864.19149975574,-9.352399826049805,17.756649017333984,77.6778564453125,0.5213256478309631,-0.33764904737472534,0.11571511626243591
-1863.1558378114314,-8.811788558959961,17.405624389648438,77.79178619384766,0.522653341293335,-0.3402192294597626,0.10429531335830688
-1862.1201758671225,-8.269843101501465,17.05196189880371,77.89387512207031,0.5239030122756958,-0.34274011850357056,0.09284979104995728
-1861.0845139228138,-7.726643085479736,16.695714950561523,77.98410034179688,0.5250745415687561,-0.3452116549015045,0.08137798309326172
-1860.0488519785051,-7.182270526885986,16.336933135986328,78.06242370605469,0.5261678099632263,-0.3476339280605316,0.06987931579351425
-1859.0131900341964,-6.636806488037109,15.975669860839844,78.12882995605469,0.5271825790405273,-0.3500068485736847,0.05835321173071861
-1857.9775280898875,-6.09033203125,15.611973762512207,78.18328857421875,0.5281187891960144,-0.35233035683631897,0.04679907113313675
-1856.9418661455788,-5.542928695678711,15.245896339416504,78.22576141357422,0.5289760828018188,-0.35460442304611206,0.03521629422903061
-1855.9062042012702,-4.994678497314453,14.877490043640137,78.25621795654297,0.5297542214393616,-0.3568289279937744,0.023604271933436394
-1854.8705422569612,-4.4456634521484375,14.506805419921875,78.27464294433594,0.5304529070854187,-0.3590037524700165,0.011962390504777431
-1853.8348803126526,-3.8959662914276123,14.133893966674805,78.28099060058594,0.5310718417167664,-0.3611287474632263,0.00029002365772612393
-1852.7992183683439,-3.3456695079803467,13.758808135986328,78.27523040771484,0.5316105484962463,-0.3632037341594696,-0.011413458734750748
-1851.7635564240352,-2.794856548309326,13.381598472595215,78.25733184814453,0.5320686101913452,-0.3652285635471344,-0.02314869500696659
-1850.7278944797263,-2.2436110973358154,13.002318382263184,78.2272720336914,0.5324456691741943,-0.3672029674053192,-0.03491633012890816
-1849.6922325354176,-1.6920173168182373,12.621020317077637,78.18499755859375,0.532741129398346,-0.36912670731544495,-0.04671701416373253
-1848.656570591109,-1.1401599645614624,12.23775577545166,78.1304931640625,0.5329544544219971,-0.3709995150566101,-0.05855141207575798
-1847.6209086468002,-0.5881245136260986,11.852577209472656,78.06371307373047,0.5330851078033447,-0.3728211224079132,-0.07042017579078674
-1846.5852467024913,-0.03599677234888077,11.465539932250977,77.984619140625,0.5331324338912964,-0.3745911717414856,-0.08232399076223373
-1845.5495847581826,0.5161365866661072,11.076695442199707,77.89318084716797,0.5330958366394043,-0.3763093054294586,-0.09426351636648178
-1844.513922813874,1.068188190460205,10.6860990524292,77.78935241699219,0.5329745411872864,-0.3779751658439636,-0.1062394455075264
-1843.4782608695652,1.620069980621338,10.293805122375488,77.67311096191406,0.5327677726745605,-0.3795883357524872,-0.1182524561882019
-1842.4425989252563,2.1716930866241455,9.899867057800293,77.54440307617188,0.5324748158454895,-0.3811483681201935,-0.1303032487630844
-1841.4069369809476,2.722968101501465,9.504341125488281,77.4031982421875,0.5320947766304016,-0.3826547861099243,-0.14239250123500824
-1840.371275036639,3.2738037109375,9.107283592224121,77.24945068359375,0.53162682056427,-0.3841071128845215,-0.1545209139585495
-1839.3356130923303,3.824108839035034,8.708749771118164,77.08311462402344,0.5310699343681335,-0.3855047821998596,-0.1666891872882843
-1838.2999511480214,4.373790740966797,8.308797836303711,76.90416717529297,0.5304231643676758,-0.38684722781181335,-0.17889803647994995
-1837.2642892037127,4.922755718231201,7.9074835777282715,76.7125473022461,0.5296854972839355,-0.38813385367393494,-0.19114814698696136
-1836.228627259404,5.470909118652344,7.504866123199463,76.50822448730469,0.5288558006286621,-0.3893640339374542,-0.20344023406505585
-1835.1929653150953,6.018155097961426,7.101004123687744,76.29114532470703,0.5279330015182495,-0.3905371129512787,-0.2157750129699707
-1834.1573033707864,6.564396381378174,6.695957183837891,76.06126403808594,0.5269159078598022,-0.39165231585502625,-0.22815316915512085
-1833.1216414264777,7.109535217285156,6.289785861968994,75.81855010986328,0.5258031487464905,-0.392708957195282,-0.24057543277740479
-1832.085979482169,7.65347146987915,5.882550239562988,75.56294250488281,0.5245935320854187,-0.39370623230934143,-0.2530424892902374
-1831.0503175378603,8.196104049682617,5.474313259124756,75.29440307617188,0.5232856869697571,-0.39464330673217773,-0.2655550539493561
-1830.0146555935514,8.73733139038086,5.0651373863220215,75.01287841796875,0.5218780636787415,-0.39551928639411926,-0.27811384201049805
-1828.9789936492427,9.277048110961914,4.655086517333984,74.71832275390625,0.5203693509101868,-0.3963333070278168,-0.29071950912475586
-1827.943331704934,9.815149307250977,4.244224548339844,74.41068267822266,0.5187578797340393,-0.39708438515663147,-0.3033727705478668
-1826.9076697606254,10.351527214050293,3.832618236541748,74.08992004394531,0.5170420408248901,-0.3977715075016022,-0.31607431173324585
-1825.8720078163165,10.88607406616211,3.4203333854675293,73.75597381591797,0.5152201652526855,-0.3983936309814453,-0.3288247883319855
-1824.8363458720078,11.418678283691406,3.0074386596679688,73.40879821777344,0.5132904648780823,-0.39894968271255493,-0.3416248857975006
-1823.800683927699,11.949227333068848,2.5940027236938477,73.04833984375,0.5112510919570923,-0.39943844079971313,-0.3544752597808838
-1822.7650219833902,12.477605819702148,2.180095911026001,72.67455291748047,0.5091001987457275,-0.3998587727546692,-0.36737653613090515
-1821.7293600390815,13.00369930267334,1.7657897472381592,72.28736877441406,0.5068357586860657,-0.40020933747291565,-0.38032934069633484
-1820.6936980947728,13.527387619018555,1.3511571884155273,71.88674926757812,0.5044557452201843,-0.40048888325691223,-0.3933343291282654
-1819.658036150464,14.04854965209961,0.936272382736206,71.47262573242188,0.501957893371582,-0.4006960093975067,-0.40639206767082214
-1818.6223742061552,14.567063331604004,0.5212113261222839,71.04496002197266,0.4993400573730469,-0.4008292853832245,-0.4195031523704529
-1817.5867122618465,15.082802772521973,0.10605108737945557,70.60368347167969,0.4965999126434326,-0.4008871912956238,-0.4326680898666382
-1816.5510503175378,15.5956392288208,-0.30912941694259644,70.14874267578125,0.4937349855899811,-0.40086814761161804,-0.4458874464035034
-1815.5153883732291,16.105443954467773,-0.7242496609687805,69.68008422851562,0.4907428026199341,-0.40077054500579834,-0.4591617286205292
-1814.4797264289202,16.61208152770996,-1.1392273902893066,69.1976547241211,0.4876207709312439,-0.4005926549434662,-0.47249138355255127
-1813.4440644846115,17.115419387817383,-1.553978443145752,68.70138549804688,0.4843660891056061,-0.4003327190876007,-0.48587682843208313
-1812.4084025403029,17.615314483642578,-1.9684170484542847,68.19122314453125,0.48097604513168335,-0.3999888300895691,-0.49931851029396057
-1811.3727405959942,18.11162757873535,-2.3824551105499268,67.6671142578125,0.47744762897491455,-0.39955905079841614,-0.5128167271614075
-1810.3370786516853,18.60421371459961,-2.7960028648376465,67.12899780273438,0.47377780079841614,-0.39904138445854187,-0.5263718366622925
-1809.3014167073766,19.092926025390625,-3.208967924118042,66.5768051147461,0.4699634611606598,-0.39843371510505676,-0.5399840474128723
-1808.265754763068,19.57761001586914,-3.6212563514709473,66.01049041748047,0.4660013020038605,-0.39773380756378174,-0.5536535978317261
-1807.2300928187592,20.05811309814453,-4.032771110534668,65.42999267578125,0.4618878960609436,-0.3969394266605377,-0.5673806667327881
-1806.1944308744503,20.53427505493164,-4.443412780761719,64.83524322509766,0.45761972665786743,-0.39604809880256653,-0.5811651945114136
-1805.1587689301416,21.005937576293945,-4.8530802726745605,64.22618865966797,0.45319312810897827,-0.3950573801994324,-0.5950073599815369
-1804.123106985833,21.472929000854492,-5.261669635772705,63.6027717590332,0.4486043155193329,-0.39396464824676514,-0.6089069247245789
-1803.0874450415242,21.935083389282227,-5.66907262802124,62.964927673339844,0.4438492953777313,-0.39276719093322754,-0.6228638291358948
-1802.0517830972153,22.392227172851562,-6.075180530548096,62.312599182128906,0.43892401456832886,-0.39146217703819275,-0.6368777751922607
-1801.0161211529066,22.84417724609375,-6.479879379272461,61.645729064941406,0.43382418155670166,-0.3900466859340668,-0.6509484052658081
-1799.980459208598,23.290754318237305,-6.883054256439209,60.964256286621094,0.42854541540145874,-0.3885176181793213,-0.6650752425193787
-1798.9447972642893,23.73177146911621,-7.284584999084473,60.268123626708984,0.4230831265449524,-0.3868717849254608,-0.6792576909065247
-1797.9091353199804,24.16703224182129,-7.684349536895752,59.557273864746094,0.41743260622024536,-0.38510584831237793,-0.693494975566864
-1796.8734733756717,24.596342086791992,-8.082221031188965,58.83164978027344,0.4115889072418213,-0.38321632146835327,-0.7077863216400146
-1795.837811431363,25.01949691772461,-8.478071212768555,58.09120178222656,0.40554696321487427,-0.3811996281147003,-0.7221305966377258
-1794.802149487054,25.436290740966797,-8.871764183044434,57.33586502075195,0.3993014991283417,-0.37905195355415344,-0.7365266680717468
-1793.7664875427454,25.846508026123047,-9.263163566589355,56.56559753417969,0.39284706115722656,-0.37676942348480225,-0.7509730458259583
-1792.7308255984367,26.249929428100586,-9.652127265930176,55.78034210205078,0.3861779570579529,-0.37434789538383484,-0.7654682993888855
-1791.695163654128,26.646331787109375,-10.0385103225708,54.98004913330078,0.37928834557533264,-0.37178316712379456,-0.7800104022026062
-1790.659501709819,27.035480499267578,-10.422160148620605,54.1646728515625,0.37217217683792114,-0.36907076835632324,-0.7945975065231323
-1789.6238397655104,27.41714096069336,-10.802922248840332,53.334163665771484,0.36482319235801697,-0.3662060797214508,-0.8092271685600281
-1788.5881778212017,27.791065216064453,-11.18063735961914,52.488487243652344,0.3572348654270172,-0.3631843626499176,-0.8238968849182129
-1787.552515876893,28.157005310058594,-11.55513858795166,51.627593994140625,0.34940052032470703,-0.3600006103515625,-0.8386037349700928
-1786.5168539325841,28.514699935913086,-11.926257133483887,50.7514533996582,0.34131327271461487,-0.35664963722229004,-0.8533445000648499
-1785.4811919882754,28.8638858795166,-12.293816566467285,49.86003112792969,0.3329659104347229,-0.35312601923942566,-0.8681155443191528
-1784.4455300439668,29.204288482666016,-12.657633781433105,48.95329666137695,0.32435110211372375,-0.34942421317100525,-0.8829129934310913
-1783.409868099658,29.535627365112305,-13.017523765563965,48.031227111816406,0.31546124815940857,-0.34553834795951843,-0.8977324962615967
-1782.3742061553492,29.85761260986328,-13.373290061950684,47.09379577636719,0.30628854036331177,-0.3414624333381653,-0.9125691056251526
-1781.3385442110405,30.16994857788086,-13.724735260009766,46.140995025634766,0.2968248724937439,-0.337190181016922,-0.9274176359176636
-1780.3028822667318,30.47233009338379,-14.071650505065918,45.172813415527344,0.28706204891204834,-0.33271509408950806,-0.9422721862792969
-1779.267220322423,30.764440536499023,-14.413823127746582,44.18924331665039,0.2769915461540222,-0.32803046703338623,-0.9571263194084167
-1778.2315583781142,31.04595947265625,-14.751032829284668,43.1902961730957,0.26660463213920593,-0.3231293559074402,-0.9719731211662292
-1777.1958964338055,31.316553115844727,-15.083051681518555,42.17597961425781,0.25589239597320557,-0.3180045187473297,-0.9868048429489136
-1776.1602344894968,31.57588005065918,-15.409643173217773,41.14631271362305,0.24484576284885406,-0.31264856457710266,-1.0016131401062012
-1775.1245725451881,31.823589324951172,-15.730566024780273,40.10132598876953,0.23345543444156647,-0.3070537745952606,-1.0163887739181519
-1774.0889106008792,32.05931854248047,-16.04556655883789,39.04105758666992,0.22171194851398468,-0.30121228098869324,-1.031121850013733
-1773.0532486565705,32.2827033996582,-16.354385375976562,37.96555709838867,0.20960569381713867,-0.29511594772338867,-1.0458014011383057
-1772.0175867122618,32.49335479736328,-16.656755447387695,36.87488555908203,0.19712698459625244,-0.288756400346756,-1.0604158639907837
-1770.9819247679532,32.69088363647461,-16.95240020751953,35.76911926269531,0.18426598608493805,-0.2821250855922699,-1.0749521255493164
-1769.9462628236442,32.87489318847656,-17.241031646728516,34.64834213256836,0.17101286351680756,-0.27521324157714844,-1.089396357536316
-1768.9106008793356,33.04496765136719,-17.522356033325195,33.51266098022461,0.15735775232315063,-0.2680119276046753,-1.1037335395812988
-1767.8749389350269,33.200687408447266,-17.79606819152832,32.3621940612793,0.14329080283641815,-0.2605120837688446,-1.1179473400115967
-1766.839276990718,33.34162521362305,-18.06185531616211,31.197080612182617,0.12880228459835052,-0.2527044117450714,-1.1320199966430664
-1765.8036150464093,33.46733093261719,-18.31939125061035,30.017471313476562,0.1138826459646225,-0.24457964301109314,-1.1459325551986694
-1764.7679531021006,33.57735824584961,-18.56834602355957,28.823545455932617,0.09852252155542374,-0.23612837493419647,-1.159664511680603
-1763.732291157792,33.67124938964844,-18.808374404907227,27.61549949645996,0.08271290361881256,-0.22734121978282928,-1.1731936931610107
-1762.696629213483,33.74852752685547,-19.03912353515625,26.393558502197266,0.06644519418478012,-0.21820880472660065,-1.1864962577819824
-1761.6609672691743,33.8087158203125,-19.26023292541504,25.157968521118164,0.04971131682395935,-0.20872187614440918,-1.1995466947555542
-1760.6253053248656,33.8513298034668,-19.471328735351562,23.909006118774414,0.032503847032785416,-0.19887135922908783,-1.2123178243637085
-1759.589643380557,33.875877380371094,-19.67203140258789,22.64697265625,0.014816150069236755,-0.18864843249320984,-1.2247803211212158
-1758.553981436248,33.88185119628906,-19.861949920654297,21.37220573425293,-0.003357474459335208,-0.1780446171760559,-1.2369030714035034
-1757.5183194919393,33.868751525878906,-20.040685653686523,20.08507537841797,-0.022021619603037834,-0.16705188155174255,-1.248652696609497
-1756.4826575476307,33.83606719970703,-20.20783042907715,18.785982131958008,-0.0411795899271965,-0.15566280484199524,-1.2599942684173584
-1755.446995603322,33.783287048339844,-20.362974166870117,17.475372314453125,-0.060833193361759186,-0.14387063682079315,-1.270890235900879
-1754.411333659013,33.70989227294922,-20.505691528320312,16.153724670410156,-0.08098253607749939,-0.13166949152946472,-1.2813011407852173
-1753.3756717147044,33.61537551879883,-20.635560989379883,14.821563720703125,-0.10162579268217087,-0.11905451864004135,-1.291185736656189
-1752.3400097703957,33.49922180175781,-20.75214958190918,13.47945785522461,-0.12275893986225128,-0.10602203011512756,-1.3005002737045288
-1751.304347826087,33.36093521118164,-20.855022430419922,12.128019332885742,-0.1443755030632019,-0.0925697386264801,-1.309199571609497
-1750.268685881778,33.20001220703125,-20.943744659423828,10.76791000366211,-0.16646632552146912,-0.07869692891836166,-1.3172361850738525
-1749.2330239374694,33.015968322753906,-21.01788330078125,9.399842262268066,-0.18901923298835754,-0.0644046887755394,-1.324561357498169
-1748.1973619931607,32.8083381652832,-21.07700538635254,8.024577140808105,-0.21201878786087036,-0.04969610646367073,-1.3311246633529663
-1747.161700048852,32.57666015625,-21.120677947998047,6.642932415008545,-0.2354459911584854,-0.03457653895020485,-1.3368746042251587
-1746.126038104543,32.32051086425781,-21.14848518371582,5.2557759284973145,-0.2592780590057373,-0.01905382052063942,-1.3417586088180542
-1745.0903761602344,32.03948211669922,-21.160009384155273,3.8640332221984863,-0.28348809480667114,-0.0031385188922286034,-1.3457231521606445
-1744.0547142159257,31.733196258544922,-21.15485382080078,2.468683958053589,-0.30804476141929626,0.013155783526599407,-1.3487129211425781
-1743.019052271617,31.40131378173828,-21.13263511657715,1.070770502090454,-0.33291172981262207,0.029811963438987732,-1.3506613969802856
-1741.9833903273081,31.043537139892578,-21.092987060546875,-0.32852426171302795,-0.3580401837825775,0.04680425301194191,-1.3512156009674072
-1740.9477283829995,30.65964698791504,-21.03559684753418,-1.7273269891738892,-0.38331902027130127,0.0640639215707779,-1.3498344421386719
-1739.9120664386908,30.24953842163086,-20.960216522216797,-3.12404203414917,-0.4086592197418213,0.08153575658798218,-1.3472044467926025
-1738.876404494382,29.813180923461914,-20.866649627685547,-4.517402172088623,-0.4339997172355652,0.09918272495269775,-1.343353271484375
-1737.8407425500732,29.350605010986328,-20.754730224609375,-5.906134605407715,-0.4592784345149994,0.11696633696556091,-1.3382645845413208
-1736.8050806057645,28.861909866333008,-20.62434196472168,-7.288949012756348,-0.48443129658699036,0.13484586775302887,-1.331923246383667
-1735.7694186614558,28.347257614135742,-20.47540283203125,-8.664543151855469,-0.5093926191329956,0.1527785211801529,-1.32431960105896
-1734.733756717147,27.806880950927734,-20.307884216308594,-10.031606674194336,-0.5340956449508667,0.17071980237960815,-1.315450668334961
-1733.6980947728382,27.241085052490234,-20.12179946899414,-11.388832092285156,-0.5584732890129089,0.18862393498420715,-1.3053208589553833
-1732.6624328285295,26.650238037109375,-19.917211532592773,-12.734917640686035,-0.5824589133262634,0.20644433796405792,-1.2939417362213135
-1731.6267708842208,26.034780502319336,-19.694231033325195,-14.06857967376709,-0.6059870719909668,0.22413410246372223,-1.2813326120376587
-1730.591108939912,25.395221710205078,-19.453018188476562,-15.388557434082031,-0.6289942264556885,0.24164660274982452,-1.2675201892852783
-1729.5554469956032,24.732131958007812,-19.19378089904785,-16.693620681762695,-0.6514196991920471,0.25893598794937134,-1.2525385618209839
-1728.5197850512945,24.046142578125,-18.916770935058594,-17.982580184936523,-0.673206090927124,0.27595770359039307,-1.2364286184310913
-1727.4841231069859,23.337942123413086,-18.622289657592773,-19.254291534423828,-0.6943002343177795,0.29266899824142456,-1.2192376852035522
-1726.448461162677,22.6082763671875,-18.310680389404297,-20.507661819458008,-0.7146535515785217,0.3090294897556305,-1.201019048690796
-1725.4127992183683,21.857934951782227,-17.982324600219727,-21.741657257080078,-0.7342225313186646,0.32500144839286804,-1.181830883026123
-1724.3771372740596,21.08774757385254,-17.63764190673828,-22.955303192138672,-0.7529693841934204,0.3405502140522003,-1.1617357730865479
-1723.341475329751,20.298585891723633,-17.277090072631836,-24.14769744873047,-0.7708617448806763,0.3556445240974426,-1.140799880027771
-1722.305813385442,19.491348266601562,-16.901153564453125,-25.318002700805664,-0.787873387336731,0.3702566921710968,-1.1190918684005737
-1721.2701514411333,18.666955947875977,-16.510343551635742,-26.465456008911133,-0.803983747959137,0.38436269760131836,-1.0966823101043701
-1720.2344894968246,17.826353073120117,-16.105195999145508,-27.58936882019043,-0.8191784024238586,0.39794236421585083,-1.0736424922943115
-1719.198827552516,16.970491409301758,-15.686264038085938,-28.689125061035156,-0.8334481716156006,0.410979300737381,-1.0500438213348389
-1718.163165608207,16.100332260131836,-15.254117012023926,-29.76418113708496,-0.8467895984649658,0.42346081137657166,-1.0259572267532349
-1717.1275036638983,15.216836929321289,-14.809334754943848,-30.814069747924805,-0.8592040538787842,0.4353777766227722,-1.001452088356018
-1716.0918417195896,14.320960998535156,-14.352505683898926,-31.83839225769043,-0.8706976175308228,0.446724534034729,-0.9765962362289429
-1715.056179775281,13.413654327392578,-13.884221076965332,-32.83681869506836,-0.8812807202339172,0.4574986398220062,-0.9514546990394592
-1714.020517830972,12.49585247039795,-13.405075073242188,-33.809085845947266,-0.8909673690795898,0.4677005410194397,-0.9260897040367126
-1712.9848558866634,11.568475723266602,-12.915657997131348,-34.7549934387207,-0.8997752070426941,0.47733351588249207,-0.9005604982376099
-1711.9491939423547,10.632423400878906,-12.416557312011719,-35.674400329589844,-0.9077243804931641,0.4864031672477722,-0.8749226331710815
-1710.913531998046,9.688572883605957,-11.90835189819336,-36.567222595214844,-0.9148377776145935,0.4949173331260681,-0.8492283225059509
-1709.877870053737,8.737777709960938,-11.39161205291748,-37.43342590332031,-0.9211400747299194,0.502885639667511,-0.8235257863998413
-1708.8422081094284,7.780864715576172,-10.866897583007812,-38.27302551269531,-0.9266576170921326,0.5103193521499634,-0.7978597283363342
-1707.8065461651197,6.818631649017334,-10.334754943847656,-39.08607864379883,-0.9314178824424744,0.5172311663627625,-0.7722709774971008
-1706.7708842208108,5.851848125457764,-9.795719146728516,-39.87268829345703,-0.9354492425918579,0.5236347317695618,-0.7467967867851257
-1705.735222276502,4.88125467300415,-9.2503080368042,-40.63298797607422,-0.9387806057929993,0.5295447111129761,-0.7214707732200623
-1704.6995603321934,3.9075608253479004,-8.699026107788086,-41.367149353027344,-0.9414411187171936,0.5349764227867126,-0.6963231563568115
-1703.6638983878847,2.9314463138580322,-8.142358779907227,-42.07537078857422,-0.9434599280357361,0.5399455428123474,-0.6713809967041016
-1702.6282364435758,1.9535610675811768,-7.580777645111084,-42.75787353515625,-0.9448660612106323,0.5444682240486145,-0.646668016910553
-1701.5925744992671,0.9745243787765503,-7.014737129211426,-43.414913177490234,-0.9456881284713745,0.5485607385635376,-0.6222052574157715
-1700.5569125549584,-0.005073207896202803,-6.444673538208008,-44.046756744384766,-0.9459541440010071,0.5522393584251404,-0.5980110168457031
-1699.5212506106498,-0.9846704006195068,-5.871007919311523,-44.6536865234375,-0.9456916451454163,0.555520236492157,-0.5741008520126343
-1698.4855886663408,-1.9637335538864136,-5.294143199920654,-45.23600769042969,-0.9449272751808167,0.5584195852279663,-0.5504883527755737
-1697.4499267220322,-2.9417564868927,-4.714466571807861,-45.79403305053711,-0.9436869025230408,0.5609530806541443,-0.5271846055984497
-1696.4142647777235,-3.9182589054107666,-4.132348537445068,-46.328086853027344,-0.9419955015182495,0.5631362795829773,-0.5041989684104919
-1695.3786028334148,-4.892786502838135,-3.5481443405151367,-46.838504791259766,-0.9398770928382874,0.5649843215942383,-0.4815389811992645
-1694.3429408891059,-5.864909648895264,-2.962193489074707,-47.325626373291016,-0.9373548030853271,0.5665119290351868,-0.45921048521995544
-1693.3072789447972,-6.8342204093933105,-2.3748204708099365,-47.789794921875,-0.9344507455825806,0.5677333474159241,-0.43721798062324524
-1692.2716170004885,-7.80033540725708,-1.786334753036499,-48.231361389160156,-0.9311860799789429,0.5686624050140381,-0.41556453704833984
-1691.2359550561798,-8.762890815734863,-1.1970325708389282,-48.65068054199219,-0.9275810122489929,0.5693123936653137,-0.39425215125083923
-1690.200293111871,-9.721545219421387,-0.6071961522102356,-49.04810333251953,-0.9236547350883484,0.5696962475776672,-0.37328171730041504
-1689.1646311675622,-10.67597484588623,-0.017094718292355537,-49.42398452758789,-0.9194254875183105,0.5698261857032776,-0.35265323519706726
-1688.1289692232535,-11.625874519348145,0.5730149149894714,-49.778682708740234,-0.9149106740951538,0.5697141289710999,-0.33236587047576904
-1687.0933072789448,-12.570958137512207,1.1628880500793457,-50.11254119873047,-0.9101267457008362,0.5693713426589966,-0.3124180734157562
-1686.057645334636,-13.510953903198242,1.7522913217544556,-50.4259147644043,-0.9050893783569336,0.5688086748123169,-0.2928076684474945
-1685.0219833903273,-14.445609092712402,2.3410024642944336,-50.719154357910156,-0.899813175201416,0.5680364370346069,-0.2735319137573242
-1683.9863214460186,-15.37468147277832,2.928809881210327,-50.99260330200195,-0.8943122625350952,0.567064642906189,-0.25458765029907227
-1682.9506595017099,-16.29794692993164,3.5155115127563477,-51.24660110473633,-0.8885997533798218,0.565902590751648,-0.23597121238708496
-1681.914997557401,-17.215190887451172,4.10091495513916,-51.48148727416992,-0.8826881051063538,0.5645593404769897,-0.21767868101596832
-1680.8793356130923,-18.1262149810791,4.6848368644714355,-51.69759750366211,-0.8765891194343567,0.5630433559417725,-0.1997058093547821
-1679.8436736687836,-19.03083038330078,5.26710319519043,-51.8952522277832,-0.8703138828277588,0.5613628029823303,-0.18204812705516815
-1678.8080117244747,-19.92885971069336,5.8475470542907715,-52.07478332519531,-0.863872766494751,0.5595254898071289,-0.1647009253501892
-1677.772349780166,-20.82013511657715,6.4260101318359375,-52.236507415771484,-0.8572757244110107,0.557538628578186,-0.14765940606594086
-1676.7366878358573,-21.704504013061523,7.002340793609619,-52.3807373046875,-0.8505319356918335,0.5554092526435852,-0.13091856241226196
-1675.7010258915486,-22.581815719604492,7.576395511627197,-52.50778579711914,-0.843650221824646,0.5531439781188965,-0.11447335034608841
-1674.6653639472397,-23.451932907104492,8.14803695678711,-52.617950439453125,-0.8366386890411377,0.5507490634918213,-0.09831865131855011
-1673.629702002931,-24.31472396850586,8.717132568359375,-52.71153259277344,-0.8295051455497742,0.5482305288314819,-0.0824492946267128
-1672.5940400586223,-25.170066833496094,9.28355884552002,-52.78882598876953,-0.822256863117218,0.5455940365791321,-0.06686009466648102
-1671.5583781143137,-26.017847061157227,9.847195625305176,-52.85011672973633,-0.8149006962776184,0.542844831943512,-0.05154586210846901
-1670.5227161700047,-26.857954025268555,10.407929420471191,-52.895687103271484,-0.8074429631233215,0.5399881601333618,-0.03650141879916191
-1669.487054225696,-27.690288543701172,10.96565055847168,-52.92581558227539,-0.7998898029327393,0.5370286703109741,-0.02172161266207695
-1668.4513922813874,-28.514755249023438,11.520256042480469,-52.94076919555664,-0.7922468185424805,0.5339710712432861,-0.007201339118182659
-1667.4157303370787,-29.331260681152344,12.07164478302002,-52.940818786621094,-0.784519374370575,0.5308195948600769,0.007064460311084986
-1666.3800683927698,-30.139720916748047,12.61972427368164,-52.92622375488281,-0.7767124772071838,0.5275783538818359,0.021080784499645233
-1665.344406448461,-30.9400577545166,13.164401054382324,-52.89723587036133,-0.7688308358192444,0.5242512822151184,0.034852560609579086
-1664.3087445041524,-31.732194900512695,13.70559024810791,-52.8541145324707,-0.7608788013458252,0.5208420157432556,0.0483846515417099
-1663.2730825598437,-32.51605987548828,14.243206977844238,-52.79710006713867,-0.7528605461120605,0.5173540711402893,0.061681825667619705
-1662.2374206155348,-33.29159164428711,14.77717113494873,-52.7264289855957,-0.7447799444198608,0.5137906670570374,0.07474878430366516
-1661.2017586712261,-34.058719635009766,15.307408332824707,-52.6423454284668,-0.7366406321525574,0.5101550221443176,0.08759012818336487
-1660.1660967269174,-34.8173942565918,15.833844184875488,-52.54507827758789,-0.7284460663795471,0.5064499974250793,0.10021037608385086
-1659.1304347826087,-35.56755065917969,16.356407165527344,-52.434852600097656,-0.7201993465423584,0.5026784539222717,0.11261394619941711
-1658.0947728382998,-36.30914306640625,16.875032424926758,-52.311893463134766,-0.7119035720825195,0.4988430440425873,0.12480516731739044
-1657.0591108939911,-37.042118072509766,17.389652252197266,-52.176414489746094,-0.7035614848136902,0.4949462413787842,0.1367882639169693
-1656.0234489496825,-37.76642990112305,17.900205612182617,-52.028629302978516,-0.6951757669448853,0.49099043011665344,0.14856737852096558
-1654.9877870053738,-38.48203659057617,18.406633377075195,-51.868751525878906,-0.6867488622665405,0.48697787523269653,0.160146564245224
-1653.9521250610649,-39.18889617919922,18.908876419067383,-51.696983337402344,-0.6782829761505127,0.4829106628894806,0.17152972519397736
-1652.9164631167562,-39.88697052001953,19.406879425048828,-51.51352310180664,-0.6697803735733032,0.478790819644928,0.18272073566913605
-1651.8808011724475,-40.57621765136719,19.900588989257812,-51.318572998046875,-0.6612430810928345,0.4746202528476715,0.19372332096099854
-1650.8451392281388,-41.25660705566406,20.38995361328125,-51.11232376098633,-0.6526728868484497,0.47040072083473206,0.2045411616563797
-1649.80947728383,-41.928104400634766,20.87492561340332,-50.89496612548828,-0.6440715789794922,0.4661339819431305,0.21517778933048248
-1648.7738153395212,-42.590675354003906,21.355453491210938,-50.666683197021484,-0.6354408264160156,0.461821585893631,0.22563667595386505
-1647.7381533952125,-43.24429702758789,21.831491470336914,-50.42765808105469,-0.6267821192741394,0.4574650824069977,0.2359212040901184
-1646.7024914509036,-43.88893508911133,22.302995681762695,-50.17807388305664,-0.6180968284606934,0.4530658721923828,0.246034637093544
-1645.666829506595,-44.524566650390625,22.76992416381836,-49.91809844970703,-0.6093863844871521,0.4486253261566162,0.25598016381263733
-1644.6311675622862,-45.15116500854492,23.23223114013672,-49.647911071777344,-0.6006519198417664,0.44414469599723816,0.2657608985900879
-1643.5955056179776,-45.76870346069336,23.689878463745117,-49.367679595947266,-0.5918945670127869,0.43962523341178894,0.27537986636161804
-1642.5598436736686,-46.37716293334961,24.142824172973633,-49.07756423950195,-0.5831154584884644,0.4350680410861969,0.2848399579524994
-1641.52418172936,-46.97651672363281,24.591032028198242,-48.77773666381836,-0.5743154883384705,0.4304741621017456,0.29414406418800354
-1640.4885197850513,-47.566749572753906,25.03446388244629,-48.46834945678711,-0.5654956102371216,0.425844669342041,0.30329492688179016
-1639.4528578407426,-48.14783477783203,25.473081588745117,-48.149566650390625,-0.5566565990447998,0.4211804270744324,0.31229522824287415
-1638.4171958964337,-48.719757080078125,25.90685272216797,-47.821537017822266,-0.5477992296218872,0.4164823889732361,0.3211475908756256
-1637.381533952125,-49.28249740600586,26.33574104309082,-47.48441696166992,-0.5389242768287659,0.4117513597011566,0.3298545479774475
-1636.3458720078163,-49.83604049682617,26.75971221923828,-47.13835144042969,-0.5300322771072388,0.40698814392089844,0.33841848373413086
-1635.3102100635076,-50.38036346435547,27.178733825683594,-46.78348922729492,-0.5211238265037537,0.40219348669052124,0.34684187173843384
-1634.2745481191987,-50.91545104980469,27.5927734375,-46.419979095458984,-0.5121995210647583,0.39736804366111755,0.3551269471645355
-1633.23888617489,-51.441287994384766,28.001800537109375,-46.04795455932617,-0.5032597780227661,0.3925124704837799,0.3632759749889374
-1632.2032242305813,-51.95785903930664,28.405784606933594,-45.66756057739258,-0.4943050146102905,0.38762739300727844,0.3712911307811737
-1631.1675622862726,-52.46514892578125,28.8046932220459,-45.278934478759766,-0.48533564805984497,0.38271334767341614,0.37917450070381165
-1630.1319003419637,-52.96314239501953,29.198497772216797,-44.8822135925293,-0.4763520359992981,0.37777087092399597,0.38692811131477356
-1629.096238397655,-53.45182418823242,29.587169647216797,-44.4775276184082,-0.4673544466495514,0.37280043959617615,0.39455392956733704
-1628.0605764533464,-53.93117904663086,29.970678329467773,-44.065006256103516,-0.45834314823150635,0.3678025007247925,0.4020538628101349
-1627.0249145090377,-54.40119552612305,30.3489990234375,-43.64478302001953,-0.44931837916374207,0.3627775013446808,0.40942975878715515
-1625.9892525647288,-54.86185836791992,30.72209930419922,-43.21698760986328,-0.4402802884578705,0.3577257990837097,0.4166833758354187
-1624.95359062042,-55.31315612792969,31.089956283569336,-42.78173828125,-0.4312290549278259,0.3526477515697479,0.423816442489624
-1623.9179286761114,-55.755069732666016,31.452539443969727,-42.33916473388672,-0.42216479778289795,0.3475436866283417,0.4308306574821472
-1622.8822667318027,-56.187591552734375,31.80982208251953,-41.88938903808594,-0.4130876064300537,0.34241387248039246,0.43772757053375244
-1621.8466047874938,-56.61070251464844,32.161781311035156,-41.43252944946289,-0.4039975702762604,0.33725863695144653,0.44450876116752625
-1620.810942843185,-57.02439498901367,32.508384704589844,-40.96870803833008,-0.39489468932151794,0.33207815885543823,0.451175719499588
-1619.7752808988764,-57.428653717041016,32.849613189697266,-40.49803924560547,-0.3857789933681488,0.32687267661094666,0.45772987604141235
-1618.7396189545675,-57.823463439941406,33.1854362487793,-40.0206413269043,-0.37665045261383057,0.32164236903190613,0.4641726315021515
-1617.7039570102588,-58.20881271362305,33.515830993652344,-39.536624908447266,-0.36750903725624084,0.31638744473457336,0.4705052971839905
-1616.6682950659501,-58.58469009399414,33.84076690673828,-39.04610824584961,-0.35835468769073486,0.3111079931259155,0.47672921419143677
-1615.6326331216414,-58.95107650756836,34.16022491455078,-38.54920196533203,-0.34918728470802307,0.30580416321754456,0.48284557461738586
-1614.5969711773325,-59.30796432495117,34.474178314208984,-38.046016693115234,-0.3400067687034607,0.3004760444164276,0.4888555705547333
-1613.5613092330238,-59.655338287353516,34.78260040283203,-37.53666305541992,-0.3308130204677582,0.2951236963272095,0.49476033449172974
-1612.5256472887152,-59.99317932128906,35.08546829223633,-37.021244049072266,-0.3216058313846588,0.2897472381591797,0.500560998916626
-1611.4899853444065,-60.32148361206055,35.38275146484375,-36.499874114990234,-0.31238511204719543,0.28434666991233826,0.5062585473060608
-1610.4543234000976,-60.640228271484375,35.674434661865234,-35.972652435302734,-0.30315062403678894,0.27892202138900757,0.5118539929389954
-1609.4186614557889,-60.94940185546875,35.96048355102539,-35.439693450927734,-0.2939022183418274,0.2734732925891876,0.5173482894897461
-1608.3829995114802,-61.24898910522461,36.240875244140625,-34.901092529296875,-0.2846396267414093,0.26800045371055603,0.5227423906326294
-1607.3473375671715,-61.53897476196289,36.51559066772461,-34.356956481933594,-0.27536267042160034,0.2625035047531128,0.5280371308326721
-1606.3116756228626,-61.8193473815918,36.78459930419922,-33.80739212036133,-0.266071081161499,0.2569824159145355,0.5332332849502563
-1605.276013678554,-62.090091705322266,37.047874450683594,-33.25249481201172,-0.25676459074020386,0.25143706798553467,0.5383317470550537
-1604.2403517342452,-62.3511848449707,37.305397033691406,-32.69236373901367,-0.24744296073913574,0.24586741626262665,0.543333113193512
-1603.2046897899365,-62.60261917114258,37.55713653564453,-32.127105712890625,-0.2381058633327484,0.2402733713388443,0.5482381582260132
-1602.1690278456276,-62.84437561035156,37.80307388305664,-31.556819915771484,-0.22875303030014038,0.23465479910373688,0.5530475378036499
-1601.133365901319,-63.07643508911133,38.043174743652344,-30.981599807739258,-0.2193841189146042,0.22901161015033722,0.5577618479728699
-1600.0977039570103,-63.29878616333008,38.27742004394531,-30.401546478271484,-0.20999883115291595,0.2233436405658722,0.5623816251754761
-1599.0620420127016,-63.51140594482422,38.50578308105469,-29.816757202148438,-0.20059680938720703,0.21765074133872986,0.5669074058532715
-1598.0263800683927,-63.71427917480469,38.72823715209961,-29.22732925415039,-0.19117772579193115,0.21193276345729828,0.5713397264480591
-1596.990718124084,-63.90739059448242,38.94475555419922,-28.633359909057617,-0.18174120783805847,0.20618952810764313,0.5756790041923523
-1595.9550561797753,-64.0907211303711,39.15531539916992,-28.034944534301758,-0.17228688299655914,0.2004208266735077,0.5799256563186646
-1594.9193942354666,-64.26424407958984,39.359886169433594,-27.43217658996582,-0.16281437873840332,0.19462645053863525,0.5840799808502197
-1593.8837322911577,-64.4279556274414,39.558441162109375,-26.825157165527344,-0.15332330763339996,0.1888062208890915,0.588142454624176
-1592.848070346849,-64.58182525634766,39.750953674316406,-26.21397590637207,-0.14381325244903564,0.18295986950397491,0.5921132564544678
-1591.8124084025403,-64.725830078125,39.937400817871094,-25.598730087280273,-0.13428381085395813,0.17708715796470642,0.5959926247596741
-1590.7767464582316,-64.8599624633789,40.11774826049805,-24.97951316833496,-0.12473457306623459,0.1711878627538681,0.599780797958374
-1589.7410845139227,-64.98419189453125,40.29197692871094,-24.356420516967773,-0.1151650995016098,0.16526168584823608,0.603477954864502
-1588.705422569614,-65.09849548339844,40.460052490234375,-23.72954559326172,-0.10557495057582855,0.15930837392807007,0.6070842742919922
-1587.6697606253053,-65.20286560058594,40.621944427490234,-23.098983764648438,-0.09596368670463562,0.15332761406898499,0.6105996966362
-1586.6340986809964,-65.2972640991211,40.77763366699219,-22.464828491210938,-0.086330845952034,0.14731910824775696,0.6140244007110596
-1585.5984367366877,-65.38167572021484,40.92708206176758,-21.827171325683594,-0.07667595893144608,0.1412825733423233,0.617358386516571
-1584.562774792379,-65.4560775756836,41.07026290893555,-21.18610954284668,-0.06699856370687485,0.13521763682365417,0.6206015348434448
-1583.5271128480704,-65.52043914794922,41.2071533203125,-20.541736602783203,-0.05729818344116211,0.1291240155696869,0.6237538456916809
-1582.4914509037615,-65.57475280761719,41.337711334228516,-19.894145965576172,-0.04757431894540787,0.12300132215023041,0.6268151998519897
-1581.4557889594528,-65.61897277832031,41.461917877197266,-19.243431091308594,-0.03782648220658302,0.11684921383857727,0.629785418510437
-1580.420127015144,-65.65309143066406,41.579734802246094,-18.58968734741211,-0.028054172173142433,0.11066732555627823,0.6326642632484436
-1579.3844650708354,-65.67707824707031,41.69113540649414,-17.93301010131836,-0.01825687289237976,0.10445527732372284,0.6354515552520752
-1578.3488031265265,-65.69090270996094,41.796085357666016,-17.27349281311035,-0.008434073068201542,0.09821266680955887,0.6381469964981079
-1577.3131411822178,-65.69453430175781,41.894554138183594,-16.61123275756836,0.0014147527981549501,0.09193910658359528,0.6407502293586731
-1576.2774792379091,-65.68795776367188,41.98651123046875,-15.94632339477539,0.01129013393074274,0.08563417196273804,0.6432608962059021
-1575.2418172936004,-65.671142578125,42.07191848754883,-15.278862953186035,0.021192606538534164,0.07929744571447372,0.6456785798072815
-1574.2061553492915,-65.64405059814453,42.15074920654297,-14.608946800231934,0.031122714281082153,0.07292848825454712,0.6480028629302979
-1573.1704934049828,-65.6066665649414,42.222965240478516,-13.936671257019043,0.04108100384473801,0.066526859998703,0.6502330899238586
-1572.1348314606741,-65.55895233154297,42.288536071777344,-13.26213550567627,0.051068030297756195,0.060092099010944366,0.6523688435554504
-1571.0991695163655,-65.5008773803711,42.3474235534668,-12.585436820983887,0.061084356158971786,0.0536237433552742,0.6544094085693359
-1570.0635075720566,-65.43241882324219,42.39959716796875,-11.906675338745117,0.07113053649663925,0.047121312469244,0.6563541889190674
-1569.0278456277479,-65.35353088378906,42.44501495361328,-11.225948333740234,0.08120715618133545,0.04058431461453438,0.6582024693489075
-1567.9921836834392,-65.26419830322266,42.483646392822266,-10.543357849121094,0.09131477773189545,0.03401225432753563,0.6599534749984741
-1566.9565217391305,-65.16438293457031,42.51545333862305,-9.859004974365234,0.1014539822936058,0.027404623106122017,0.6616063714027405
-1565.9208597948216,-65.05404663085938,42.54039764404297,-9.172990798950195,0.11162535101175308,0.020760897547006607,0.6631602644920349
-1564.885197850513,-64.93315887451172,42.55844497680664,-8.485419273376465,0.12182947993278503,0.01408054493367672,0.6646143198013306
-1563.8495359062042,-64.80168151855469,42.56955337524414,-7.796394348144531,0.13206695020198822,0.00736302649602294,0.6659674644470215
-1562.8138739618955,-64.65959167480469,42.57368087768555,-7.106020450592041,0.1423383504152298,0.0006077885045669973,0.6672186851501465
-1561.7782120175866,-64.50684356689453,42.570796966552734,-6.414403915405273,0.1526442915201187,-0.0061857313849031925,0.6683668494224548
-1560.742550073278,-64.3434066772461,42.560855865478516,-5.721652507781982,0.16298536956310272,-0.013018106110394001,0.6694108247756958
-1559.7068881289692,-64.16923522949219,42.543819427490234,-5.027873992919922,0.1733621507883072,-0.019889919087290764,0.6703492999076843
-1558.6712261846603,-63.98430252075195,42.51964569091797,-4.333178520202637,0.18377527594566345,-0.026801761239767075,0.6711810231208801
-1557.6355642403516,-63.78856658935547,42.48828887939453,-3.6376779079437256,0.19422532618045807,-0.03375423699617386,0.6719045042991638
-1556.599902296043,-63.58198547363281,42.44971466064453,-2.9414846897125244,0.2047128826379776,-0.040747955441474915,0.6725181937217712
-1555.5642403517343,-63.364524841308594,42.403873443603516,-2.244713544845581,0.215238556265831,-0.04778353497385979,0.6730203032493591
-1554.5285784074254,-63.13614273071289,42.35072326660156,-1.547480821609497,0.22580291330814362,-0.05486159771680832,0.6734086871147156
-1553.4929164631167,-62.89680099487305,42.29022216796875,-0.8499065637588501,0.23640652000904083,-0.06198275089263916,0.6736792922019958
-1552.457254518808,-62.646453857421875,42.22232437133789,-0.15211762487888336,0.24704976379871368,-0.06914753466844559,0.673818051815033
-1551.4215925744993,-62.385066986083984,42.14698028564453,0.5457168817520142,0.25773218274116516,-0.07635587453842163,0.6737575531005859
-1550.3859306301904,-62.11259460449219,42.064151763916016,1.243398666381836,0.26845264434814453,-0.08360728621482849,0.673535943031311
-1549.3502686858817,-61.829002380371094,41.97378921508789,1.9407835006713867,0.27921125292778015,-0.09090211987495422,0.6731851100921631
-1548.314606741573,-61.534244537353516,41.87584686279297,2.6377391815185547,0.29000842571258545,-0.0982409194111824,0.6727072596549988
-1547.2789447972643,-61.22828674316406,41.77028274536133,3.334134101867676,0.3008445203304291,-0.10562428086996078,0.6721014380455017
-1546.2432828529554,-60.91108322143555,41.65705108642578,4.029834270477295,0.3117200434207916,-0.11305281519889832,0.6713657975196838
-1545.2076209086467,-60.58259963989258,41.53609848022461,4.724704265594482,0.32263535261154175,-0.12052713334560394,0.670498251914978
-1544.171958964338,-60.24279022216797,41.40738296508789,5.418606758117676,0.33359092473983765,-0.1280478537082672,0.6694964170455933
-1543.1362970200294,-59.89160919189453,41.27085494995117,6.111401081085205,0.344587117433548,-0.13561561703681946,0.6683579087257385
-1542.1006350757204,-59.529022216796875,41.126461029052734,6.802944660186768,0.35562431812286377,-0.14323101937770844,0.6670802235603333
-1541.0649731314118,-59.15498352050781,40.974159240722656,7.493091583251953,0.3667028248310089,-0.15089470148086548,0.665660560131073
-1540.029311187103,-58.769447326660156,40.81389236450195,8.181693077087402,0.37782302498817444,-0.15860727429389954,0.6640962362289429
-1538.9936492427944,-58.37237548828125,40.64561462402344,8.868598937988281,0.38898518681526184,-0.16636936366558075,0.6623842716217041
-1537.9579872984855,-57.96371841430664,40.46927261352539,9.553653717041016,0.4001895487308502,-0.17418158054351807,0.6605216264724731
-1536.9223253541768,-57.54343795776367,40.284812927246094,10.236700057983398,0.4114363491535187,-0.18204453587532043,0.6585050821304321
-1535.886663409868,-57.111488342285156,40.09218215942383,10.917576789855957,0.4227257966995239,-0.1899588406085968,0.6563313603401184
-1534.8510014655594,-56.66781997680664,39.891326904296875,11.596118927001953,0.4340580403804779,-0.19792509078979492,0.6539970636367798
-1533.8153395212505,-56.212398529052734,39.68219757080078,12.272159576416016,0.4454331398010254,-0.20594386756420135,0.651498556137085
-1532.7796775769418,-55.74517059326172,39.4647331237793,12.945526123046875,0.45685121417045593,-0.21401573717594147,0.6488320827484131
-1531.7440156326331,-55.26609420776367,39.2388801574707,13.61604118347168,0.46831220388412476,-0.22214126586914062,0.6459937691688538
-1530.7083536883242,-54.77512741088867,39.00458908081055,14.283527374267578,0.47981610894203186,-0.2303209900856018,0.6429796814918518
-1529.6726917440155,-54.27222442626953,38.76179504394531,14.947798728942871,0.4913627505302429,-0.2385554313659668,0.6397855281829834
-1528.6370297997069,-53.75734329223633,38.510440826416016,15.608667373657227,0.502951979637146,-0.2468450963497162,0.6364070177078247
-1527.6013678553982,-53.23043441772461,38.2504768371582,16.26593780517578,0.5145835280418396,-0.2551904320716858,0.6328396201133728
-1526.5657059110893,-52.69145965576172,37.981842041015625,16.919416427612305,0.5262570381164551,-0.2635919451713562,0.6290786266326904
-1525.5300439667806,-52.14037322998047,37.70447540283203,17.56889533996582,0.537972092628479,-0.2720499634742737,0.6251190900802612
-1524.4943820224719,-51.57712936401367,37.41831588745117,18.214170455932617,0.5497280955314636,-0.28056493401527405,0.6209559440612793
-1523.4587200781632,-51.00169372558594,37.123313903808594,18.855024337768555,0.561524510383606,-0.2891371250152588,0.6165839433670044
-1522.4230581338543,-50.41401672363281,36.819400787353516,19.491241455078125,0.5733605623245239,-0.29776686429977417,0.6119976043701172
-1521.3873961895456,-49.814064025878906,36.50652313232422,20.12259292602539,0.5852352976799011,-0.3064543902873993,0.607191264629364
-1520.351734245237,-49.2017936706543,36.18461608886719,20.748851776123047,0.5971478819847107,-0.3151998519897461,0.6021589636802673
-1519.3160723009282,-48.57716369628906,35.85362243652344,21.369779586791992,0.6090970039367676,-0.3240033984184265,0.5968945622444153
-1518.2804103566193,-47.94014358520508,35.51347732543945,21.985132217407227,0.621081531047821,-0.33286502957344055,0.5913917422294617
-1517.2447484123106,-47.29069137573242,35.16413116455078,22.59465980529785,0.6330998539924622,-0.3417847454547882,0.5856438875198364
-1516.209086468002,-46.62877655029297,34.805511474609375,23.198102951049805,0.6451504230499268,-0.35076242685317993,0.5796440839767456
-1515.1734245236933,-45.95436477661133,34.43756866455078,23.79520034790039,0.657231330871582,-0.3597978353500366,0.5733853578567505
-1514.1377625793843,-45.26742935180664,34.06023406982422,24.385677337646484,0.6693406105041504,-0.368890643119812,0.5668601989746094
-1513.1021006350757,-44.567935943603516,33.67345428466797,24.969257354736328,0.6814759373664856,-0.3780404329299927,0.5600610971450806
-1512.066438690767,-43.85586166381836,33.27717208862305,25.5456485748291,0.6936347484588623,-0.38724663853645325,0.5529800653457642
-1511.0307767464583,-43.131187438964844,32.87132263183594,26.11455726623535,0.7058143615722656,-0.3965085446834564,0.5456089973449707
-1509.9951148021494,-42.39388656616211,32.45585250854492,26.675678253173828,0.7180116176605225,-0.40582531690597534,0.5379393696784973
-1508.9594528578407,-41.64394760131836,32.03070831298828,27.22869873046875,0.7302231788635254,-0.41519594192504883,0.5299624800682068
-1507.923790913532,-40.88135528564453,31.5958309173584,27.773292541503906,0.7424452900886536,-0.424619197845459,0.5216692686080933
-1506.8881289692233,-40.106101989746094,31.151166915893555,28.309131622314453,0.7546738982200623,-0.4340936839580536,0.513050377368927
-1505.8524670249144,-39.318180084228516,30.696664810180664,28.83587074279785,0.7669045329093933,-0.4436178207397461,0.5040962100028992
-1504.8168050806057,-38.51759338378906,30.232275009155273,29.353158950805664,0.7791323661804199,-0.4531896710395813,0.4947968125343323
-1503.781143136297,-37.704345703125,29.757946014404297,29.860633850097656,0.7913520336151123,-0.46280720829963684,0.48514193296432495
-1502.7454811919883,-36.87845230102539,29.273635864257812,30.357919692993164,0.8035576939582825,-0.47246798872947693,0.47512105107307434
-1501.7098192476794,-36.03992462158203,28.779298782348633,30.844633102416992,0.815743088722229,-0.48216933012008667,0.4647233784198761
-1500.6741573033707,-35.18879318237305,28.27489471435547,31.320377349853516,0.8279013633728027,-0.4919081926345825,0.4539377689361572
-1499.638495359062,-34.3250846862793,27.760385513305664,31.784746170043945,0.8400249481201172,-0.5016811490058899,0.442752867937088
-1498.6028334147531,-33.44884490966797,27.23573875427246,32.23731994628906,0.8521058559417725,-0.5114845037460327,0.43115705251693726
-1497.5671714704445,-32.560115814208984,26.700925827026367,32.67766571044922,0.864135205745697,-0.5213139057159424,0.41913846135139465
-1496.5315095261358,-31.65896224975586,26.155921936035156,33.105342864990234,0.8761034607887268,-0.531164824962616,0.4066849648952484
-1495.495847581827,-30.745447158813477,25.600706100463867,33.51988983154297,0.8880004286766052,-0.5410320162773132,0.3937843143939972
-1494.4601856375182,-29.819652557373047,25.03526496887207,33.92083740234375,0.8998149633407593,-0.5509098172187805,0.38042402267456055
-1493.4245236932095,-28.881671905517578,24.459592819213867,34.307708740234375,0.9115349650382996,-0.5607918500900269,0.36659151315689087
-1492.3888617489008,-27.93160629272461,23.873685836791992,34.68000030517578,0.9231476187705994,-0.5706713795661926,0.35227417945861816
-1491.3531998045921,-26.969575881958008,23.277549743652344,35.037208557128906,0.9346388578414917,-0.5805407166481018,0.3374593257904053
-1490.3175378602832,-25.99571418762207,22.67120361328125,35.37881088256836,0.9459937810897827,-0.5903915762901306,0.3221343159675598
-1489.2818759159745,-25.010168075561523,22.054668426513672,35.70427322387695,0.9571962952613831,-0.6002150177955627,0.30628666281700134
-1488.2462139716658,-24.01310920715332,21.427976608276367,36.01304626464844,0.9682290554046631,-0.6100010871887207,0.2899039685726166
-1487.2105520273572,-23.004718780517578,20.791173934936523,36.304569244384766,0.9790736436843872,-0.6197391152381897,0.2729742228984833
-1486.1748900830482,-21.98520278930664,20.144317626953125,36.578269958496094,0.9897102117538452,-0.6294174194335938,0.25548580288887024
-1485.1392281387396,-20.95478630065918,19.487472534179688,36.83356475830078,1.0001177787780762,-0.63902348279953,0.23742753267288208
-1484.1035661944309,-19.913721084594727,18.820722579956055,37.06985855102539,1.010273814201355,-0.6485435962677002,0.2187889665365219
-1483.0679042501222,-18.86227798461914,18.144163131713867,37.28654479980469,1.020154595375061,-0.6579631567001343,0.19956041872501373
-1482.0322423058133,-17.80075454711914,17.45790672302246,37.483009338378906,1.029734492301941,-0.6672662496566772,0.17973320186138153
-1480.9965803615046,-16.729476928710938,16.7620849609375,37.65862274169922,1.0389869213104248,-0.6764360070228577,0.15929977595806122
-1479.960918417196,-15.648797988891602,16.056840896606445,37.81275939941406,1.0478836297988892,-0.685454249382019,0.13825395703315735
-1478.9252564728872,-14.559103012084961,15.342345237731934,37.94477844238281,1.0563949346542358,-0.6943016052246094,0.11659116297960281
-1477.8895945285783,-13.460805892944336,14.618783950805664,38.05404281616211,1.064489483833313,-0.7029575109481812,0.09430861473083496
-1476.8539325842696,-12.354355812072754,13.886366844177246,38.13990783691406,1.0721347332000732,-0.7114000916481018,0.07140562683343887
-1475.818270639961,-11.240234375,13.145325660705566,38.20173263549805,1.0792969465255737,-0.7196062803268433,0.04788384959101677
-1474.7826086956522,-10.118961334228516,12.395918846130371,38.23887634277344,1.085940957069397,-0.7275518774986267,0.023747554048895836
-1473.7469467513433,-8.991090774536133,11.638428688049316,38.25071334838867,1.0920305252075195,-0.7352113723754883,-0.0009960466995835304
-1472.7112848070346,-7.8572163581848145,10.87316608428955,38.236610412597656,1.0975284576416016,-0.7425583004951477,-0.026336533948779106
-1471.675622862726,-6.717970848083496,10.100467681884766,38.19595718383789,1.1023969650268555,-0.7495651841163635,-0.05225997790694237
-1470.639960918417,-5.574025630950928,9.320700645446777,38.12816619873047,1.106597661972046,-0.7562036514282227,-0.07874865084886551
-1469.6042989741084,-4.426092624664307,8.534261703491211,38.032657623291016,1.1100921630859375,-0.7624446153640747,-0.10578072816133499
-1468.5686370297997,-3.2749223709106445,7.741578578948975,37.90888214111328,1.112842082977295,-0.7682585120201111,-0.1333300769329071
-1467.532975085491,-2.1213061809539795,6.943107604980469,37.75632095336914,1.114809513092041,-0.7736154198646545,-0.16136598587036133
-1466.497313141182,-0.9660735130310059,6.139338493347168,37.574485778808594,1.1159576177597046,-0.7784854173660278,-0.1898530274629593
-1465.4616511968734,0.18990841507911682,5.3307905197143555,37.36293029785156,1.1162508726119995,-0.782838761806488,-0.21875090897083282
-1464.4259892525647,1.3457367420196533,4.518014430999756,37.121253967285156,1.1156556606292725,-0.78664630651474,-0.2480144202709198
-1463.390327308256,2.5004751682281494,3.701589584350586,36.84910202026367,1.1141408681869507,-0.7898799180984497,-0.2775934040546417
-1462.354665363947,3.653156042098999,2.882124662399292,36.54617691040039,1.111678123474121,-0.7925125956535339,-0.30743297934532166
-1461.3190034196384,4.8027849197387695,2.060255289077759,36.21223831176758,1.1082427501678467,-0.7945191264152527,-0.33747363090515137
-1460.2833414753297,5.948342800140381,1.2366424798965454,35.84711456298828,1.1038137674331665,-0.7958762049674988,-0.36765146255493164
-1459.247679531021,7.088791847229004,0.4119693636894226,35.45069122314453,1.0983749628067017,-0.7965631484985352,-0.39789873361587524
-1458.2120175867121,8.2230806350708,-0.41306039690971375,35.0229377746582,1.0919148921966553,-0.7965620756149292,-0.42814430594444275
-1457.1763556424035,9.350146293640137,-1.2377262115478516,34.56389236450195,1.0844274759292603,-0.7958582639694214,-0.4583142399787903
-1456.1406936980948,10.468926429748535,-2.0612940788269043,34.073673248291016,1.0759124755859375,-0.7944405674934387,-0.4883324205875397
-1455.105031753786,11.578356742858887,-2.8830206394195557,33.55247497558594,1.0663753747940063,-0.7923015356063843,-0.5181214809417725
-1454.0693698094772,12.677385330200195,-3.7021567821502686,33.000579833984375,1.0558277368545532,-0.7894377708435059,-0.5476035475730896
-1453.0337078651685,13.764974594116211,-4.517951965332031,32.4183464050293,1.0442872047424316,-0.7858501076698303,-0.5767010450363159
-1451.9980459208598,14.840107917785645,-5.329658508300781,31.80620574951172,1.0317776203155518,-0.781543493270874,-0.6053377985954285
-1450.962383976551,15.901796340942383,-6.136536598205566,31.1646785736084,1.0183284282684326,-0.7765272259712219,-0.6334397196769714
-1449.9267220322422,16.94908332824707,-6.937857627868652,30.494356155395508,1.0039746761322021,-0.7708145380020142,-0.6609357595443726
-1448.8910600879335,17.981054306030273,-7.732908725738525,29.7958984375,0.9887561798095703,-0.7644228339195251,-0.6877586245536804
-1447.8553981436248,18.99683380126953,-8.520997047424316,29.070037841796875,0.972717821598053,-0.7573732137680054,-0.7138457894325256
-1446.8197361993161,19.995601654052734,-9.3014554977417,28.31756591796875,0.9559081792831421,-0.749690055847168,-0.7391397356987
-1445.7840742550072,20.976581573486328,-10.073639869689941,27.53933334350586,0.9383792281150818,-0.7414011359214783,-0.763588547706604
-1444.7484123106985,21.93906021118164,-10.836938858032227,26.736236572265625,0.9201857447624207,-0.7325365543365479,-0.7871466279029846
-1443.7127503663899,22.882375717163086,-11.59077262878418,25.90921974182129,0.9013843536376953,-0.7231289744377136,-0.8097745180130005
-1442.677088422081,23.80592918395996,-12.33459758758545,25.059263229370117,0.8820329904556274,-0.7132126688957214,-0.8314393758773804
-1441.6414264777723,24.709182739257812,-13.067903518676758,24.187379837036133,0.8621903657913208,-0.702823281288147,-0.8521148562431335
-1440.6057645334636,25.591655731201172,-13.790221214294434,23.294605255126953,0.8419148921966553,-0.6919974684715271,-0.8717811107635498
-1439.5701025891549,26.452930450439453,-14.501116752624512,22.38199234008789,0.8212646245956421,-0.6807722449302673,-0.890424370765686
-1438.534440644846,27.29265022277832,-15.200196266174316,21.450603485107422,0.8002963066101074,-0.6691848635673523,-0.908037006855011
-1437.4987787005373,28.110511779785156,-15.887103080749512,20.501510620117188,0.7790650725364685,-0.6572720408439636,-0.924616813659668
-1436.4631167562286,28.906272888183594,-16.561519622802734,19.535778045654297,0.757624089717865,-0.6450701355934143,-0.9401668906211853
-1435.42745481192,29.67974281311035,-17.223163604736328,18.554471969604492,0.736024022102356,-0.6326143145561218,-0.9546950459480286
-1434.391792867611,30.4307804107666,-17.87179183959961,17.558645248413086,0.7143130302429199,-0.619938850402832,-0.9682134389877319
-1433.3561309233023,31.15929412841797,-18.50719451904297,16.549331665039062,0.6925364136695862,-0.6070764064788818,-0.9807378649711609
-1432.3204689789936,31.8652400970459,-19.12919044494629,15.527555465698242,0.6707364320755005,-0.5940583944320679,-0.9922875761985779
-1431.284807034685,32.54861068725586,-19.737638473510742,14.494312286376953,0.6489523649215698,-0.580914318561554,-1.0028845071792603
-1430.249145090376,33.20944595336914,-20.33241844177246,13.450576782226562,0.6272204518318176,-0.567672073841095,-1.0125529766082764
-1429.2134831460673,33.847816467285156,-20.9134464263916,12.397298812866211,0.605573832988739,-0.5543578267097473,-1.0213193893432617
-1428.1778212017587,34.46382522583008,-21.48065757751465,11.335395812988281,0.5840426683425903,-0.5409958958625793,-1.029211401939392
-1427.14215925745,35.05760955810547,-22.034015655517578,10.26576042175293,0.5626542568206787,-0.5276086926460266,-1.0362579822540283
-1426.106497313141,35.62932205200195,-22.573503494262695,9.189251899719238,0.5414329767227173,-0.5142170786857605,-1.0424890518188477
-1425.0708353688324,36.17915725708008,-23.099130630493164,8.106698989868164,0.5204005837440491,-0.5008400082588196,-1.047934651374817
-1424.0351734245237,36.707313537597656,-23.610916137695312,7.018900394439697,0.4995764195919037,-0.4874947965145111,-1.052625298500061
-1422.999511480215,37.214019775390625,-24.108905792236328,5.926621437072754,0.4789772629737854,-0.47419723868370056,-1.056591272354126
-1421.963849535906,37.69951248168945,-24.593154907226562,4.830596923828125,0.45861777663230896,-0.4609615206718445,-1.0598629713058472
-1420.9281875915974,38.1640510559082,-25.063732147216797,3.7315313816070557,0.43851059675216675,-0.4478004276752472,-1.062469720840454
-1419.8925256472887,38.60790252685547,-25.520723342895508,2.6300978660583496,0.41866639256477356,-0.43472543358802795,-1.0644398927688599
-1418.85686370298,39.031341552734375,-25.964221954345703,1.5269427299499512,0.39909425377845764,-0.42174673080444336,-1.0657984018325806
-1417.8212017586711,39.43465042114258,-26.39433479309082,0.4226924777030945,0.37980225682258606,-0.4088737666606903,-1.0665496587753296
-1416.7855398143624,39.81813430786133,-26.811174392700195,-0.6819254755973816,0.36080390214920044,-0.3961195945739746,-1.0664358139038086
-1415.7498778700538,40.18210220336914,-27.214874267578125,-1.7860029935836792,0.34212207794189453,-0.3835034668445587,-1.0655959844589233
-1414.714215925745,40.52688980102539,-27.60558319091797,-2.8889501094818115,0.32376161217689514,-0.37103256583213806,-1.0642622709274292
-1413.6785539814362,40.85282897949219,-27.98345375061035,-3.9902780055999756,0.3057224154472351,-0.3587104380130768,-1.0624736547470093
-1412.6428920371275,41.16025161743164,-28.34864044189453,-5.089529514312744,0.2880030870437622,-0.34653976559638977,-1.060256838798523
-1411.6072300928188,41.449485778808594,-28.701303482055664,-6.186273574829102,0.27060163021087646,-0.3345225155353546,-1.0576353073120117
-1410.5715681485099,41.720863342285156,-29.04159927368164,-7.280102729797363,0.2535153031349182,-0.32266008853912354,-1.0546311140060425
-1409.5359062042012,41.974708557128906,-29.36968994140625,-8.370631217956543,0.23674096167087555,-0.3109533488750458,-1.051265001296997
-1408.5002442598925,42.21133804321289,-29.68573760986328,-9.457494735717773,0.22027495503425598,-0.29940277338027954,-1.0475566387176514
-1407.4645823155838,42.43107223510742,-29.989904403686523,-10.540349006652832,0.20411330461502075,-0.2880084216594696,-1.0435243844985962
-1406.428920371275,42.63422775268555,-30.282350540161133,-11.618865966796875,0.18825173377990723,-0.2767699360847473,-1.0391860008239746
-1405.3932584269662,42.82110595703125,-30.5632381439209,-12.692739486694336,0.17268572747707367,-0.2656868100166321,-1.034557819366455
-1404.3575964826575,42.99201583862305,-30.832727432250977,-13.761675834655762,0.15741054713726044,-0.2547580897808075,-1.0296555757522583
-1403.3219345383488,43.14725112915039,-31.090978622436523,-14.825400352478027,0.14242133498191833,-0.24398276209831238,-1.0244941711425781
-1402.28627259404,43.287113189697266,-31.33814811706543,-15.883650779724121,0.12771306931972504,-0.23335948586463928,-1.0190874338150024
-1401.2506106497312,43.41188430786133,-31.574392318725586,-16.936180114746094,0.11328068375587463,-0.2228868156671524,-1.013448715209961
-1400.2149487054226,43.521846771240234,-31.799869537353516,-17.982755661010742,0.09911902993917465,-0.21256312727928162,-1.0075902938842773
-1399.1792867611139,43.61728286743164,-32.014732360839844,-19.023155212402344,0.08522292226552963,-0.20238666236400604,-1.0015239715576172
-1398.143624816805,43.69845962524414,-32.2191276550293,-20.057167053222656,0.07158717513084412,-0.19235560297966003,-0.9952608346939087
-1397.1079628724963,43.76565170288086,-32.413211822509766,-21.084596633911133,0.05820661783218384,-0.1824679970741272,-0.9888113141059875
-1396.0723009281876,43.81911087036133,-32.59712600708008,-22.105255126953125,0.04507608339190483,-0.17272184789180756,-0.9821853041648865
-1395.036638983879,43.859100341796875,-32.77102279663086,-23.11896324157715,0.03219044953584671,-0.16311508417129517,-0.9753919839859009
-1394.00097703957,43.88587188720703,-32.93503952026367,-24.125553131103516,0.019544653594493866,-0.1536456048488617,-0.9684402346611023
-1392.9653150952613,43.89966583251953,-33.089317321777344,-25.12486457824707,0.007133678533136845,-0.14431124925613403,-0.961338222026825
-1391.9296531509526,43.900726318359375,-33.23400115966797,-26.11674690246582,-0.005047414917498827,-0.13510987162590027,-0.9540936946868896
-1390.893991206644,43.88928985595703,-33.36922073364258,-27.101055145263672,-0.017003493383526802,-0.1260392665863037,-0.9467139840126038
-1389.858329262335,43.86558532714844,-33.495113372802734,-28.077653884887695,-0.028739338740706444,-0.11709726601839066,-0.939206063747406
-1388.8226673180263,43.829833984375,-33.61180877685547,-29.04641342163086,-0.040259648114442825,-0.10828167200088501,-0.9315763711929321
-1387.7870053737176,43.782264709472656,-33.71944046020508,-30.00720977783203,-0.051569029688835144,-0.09959029406309128,-0.9238309860229492
-1386.751343429409,43.72309112548828,-33.81813430786133,-30.959928512573242,-0.06267198920249939,-0.09102095663547516,-0.9159757494926453
-1385.7156814851,43.652523040771484,-33.908016204833984,-31.904457092285156,-0.07357294112443924,-0.08257151395082474,-0.90801602602005
-1384.6800195407914,43.57076644897461,-33.98920822143555,-32.84069061279297,-0.08427620679140091,-0.0742398202419281,-0.899957001209259
-1383.6443575964827,43.478023529052734,-34.061832427978516,-33.76852798461914,-0.09478600323200226,-0.06602375209331512,-0.8918033838272095
-1382.6086956521738,43.37449645996094,-34.12600326538086,-34.68787384033203,-0.10510644316673279,-0.057921234518289566,-0.8835597634315491
-1381.573033707865,43.260379791259766,-34.18184280395508,-35.598636627197266,-0.11524153500795364,-0.04993019625544548,-0.8752303719520569
-1380.5373717635564,43.13585662841797,-34.22946548461914,-36.500728607177734,-0.1251952052116394,-0.04204860329627991,-0.8668192625045776
-1379.5017098192477,43.001121520996094,-34.268978118896484,-37.394073486328125,-0.1349712610244751,-0.03427446261048317,-0.8583301901817322
-1378.4660478749388,42.85634994506836,-34.30049514770508,-38.27858352661133,-0.1445734202861786,-0.026605801656842232,-0.849766731262207
-1377.43038593063,42.70172119140625,-34.32412338256836,-39.15419006347656,-0.15400530397891998,-0.01904069446027279,-0.8411321640014648
-1376.3947239863214,42.537410736083984,-34.339969635009766,-40.020816802978516,-0.16327042877674103,-0.011577245779335499,-0.8324296474456787
-1375.3590620420127,42.363590240478516,-34.34813690185547,-40.87839889526367,-0.17237220704555511,-0.004213594365864992,-0.8236621618270874
-1374.3234000977038,42.18042755126953,-34.348731994628906,-41.72686767578125,-0.18131399154663086,0.003052078653126955,-0.8148324489593506
-1373.2877381533951,41.98808670043945,-34.34185028076172,-42.566158294677734,-0.19009900093078613,0.010221557691693306,-0.8059431910514832
-1372.2520762090865,41.78672409057617,-34.32759094238281,-43.396217346191406,-0.19873037934303284,0.01729658804833889,-0.7969967126846313
-1371.2164142647778,41.57650375366211,-34.306053161621094,-44.21697998046875,-0.2072111964225769,0.024278875440359116,-0.7879953980445862
-1370.1807523204689,41.357574462890625,-34.2773323059082,-45.02839279174805,-0.21554438769817352,0.031170092523097992,-0.7789413332939148
-1369.1450903761602,41.130088806152344,-34.241519927978516,-45.83040237426758,-0.2237328737974167,0.037971869111061096,-0.7698366045951843
-1368.1094284318515,40.89419937133789,-34.19871139526367,-46.622955322265625,-0.23177942633628845,0.04468579962849617,-0.7606830596923828
-1367.0737664875428,40.650047302246094,-34.148990631103516,-47.406005859375,-0.2396867573261261,0.05131343752145767,-0.7514825463294983
-1366.0381045432339,40.39777755737305,-34.09245300292969,-48.17950439453125,-0.24745750427246094,0.057856302708387375,-0.7422366142272949
-1365.0024425989252,40.13753128051758,-34.02918243408203,-48.94340515136719,-0.2550942301750183,0.06431587785482407,-0.7329468727111816
-1363.9667806546165,39.86943817138672,-33.95926284790039,-49.697662353515625,-0.2625994086265564,0.07069360464811325,-0.7236148118972778
-1362.9311187103078,39.59364318847656,-33.88277816772461,-50.442230224609375,-0.2699754238128662,0.07699090242385864,-0.7142416834831238
-1361.895456765999,39.31027603149414,-33.7998161315918,-51.17707443237305,-0.2772246301174164,0.08320912718772888,-0.7048287987709045
-1360.8597948216902,39.019466400146484,-33.710453033447266,-51.90214920043945,-0.2843492329120636,0.08934962749481201,-0.6953773498535156
-1359.8241328773815,38.72134017944336,-33.614768981933594,-52.61741256713867,-0.2913514971733093,0.0954136997461319,-0.685888409614563
-1358.7884709330729,38.41602325439453,-33.512847900390625,-53.32283020019531,-0.2982334792613983,0.10140261799097061,-0.6763629913330078
-1357.752808988764,38.103641510009766,-33.40475845336914,-54.018367767333984,-0.3049972355365753,0.10731761157512665,-0.6668020486831665
-1356.7171470444553,37.78431701660156,-33.29058074951172,-54.703983306884766,-0.3116447925567627,0.11315988749265671,-0.6572063565254211
-1355.6814851001466,37.45816421508789,-33.17039108276367,-55.379642486572266,-0.3181780278682709,0.11893061548471451,-0.6475768685340881
-1354.6458231558377,37.12530517578125,-33.04426193237305,-56.045310974121094,-0.3245988190174103,0.12463093549013138,-0.6379141807556152
-1353.610161211529,36.78585433959961,-32.91226577758789,-56.700958251953125,-0.33090898394584656,0.13026194274425507,-0.6282190084457397
-1352.5744992672203,36.43992233276367,-32.774471282958984,-57.3465461730957,-0.3371102213859558,0.13582472503185272,-0.6184920072555542
-1351.5388373229116,36.08762741088867,-32.630950927734375,-57.9820442199707,-0.3432042896747589,0.14132031798362732,-0.6087337136268616
-1350.5031753786027,35.72907257080078,-32.481773376464844,-58.607418060302734,-0.34919273853302,0.14674974977970123,-0.5989445447921753
-1349.467513434294,35.36437225341797,-32.32700729370117,-59.22264099121094,-0.35507717728614807,0.15211397409439087,-0.5891250967979431
-1348.4318514899853,34.993629455566406,-32.16672134399414,-59.82767868041992,-0.36085912585258484,0.15741398930549622,-0.5792757272720337
-1347.3961895456766,34.61695098876953,-32.0009765625,-60.4224967956543,-0.3665400445461273,0.1626507043838501,-0.5693967938423157
-1346.3605276013677,34.234439849853516,-31.8298397064209,-61.00707244873047,-0.37212133407592773,0.16782499849796295,-0.5594885945320129
-1345.324865657059,33.8462028503418,-31.653377532958984,-61.58137130737305,-0.3776043951511383,0.1729377806186676,-0.5495514273643494
-1344.2892037127503,33.452335357666016,-31.471651077270508,-62.14535903930664,-0.3829905390739441,0.1779898852109909,-0.539585530757904
-1343.2535417684417,33.05293655395508,-31.28472328186035,-62.69901657104492,-0.3882810175418854,0.18298211693763733,-0.5295910835266113
-1342.2178798241328,32.648109436035156,-31.092655181884766,-63.242305755615234,-0.39347705245018005,0.18791529536247253,-0.5195682644844055
-1341.182217879824,32.23794937133789,-30.895509719848633,-63.77519989013672,-0.39857983589172363,0.1927901655435562,-0.509517252445221
-1340.1465559355154,31.822553634643555,-30.693344116210938,-64.29766845703125,-0.40359050035476685,0.19760747253894806,-0.49943801760673523
-1339.1108939912067,31.402015686035156,-30.48621940612793,-64.8096923828125,-0.40851011872291565,0.20236794650554657,-0.4893307089805603
-1338.0752320468978,30.976428985595703,-30.274194717407227,-65.31122589111328,-0.4133397340774536,0.20707228779792786,-0.47919535636901855
-1337.039570102589,30.54588508605957,-30.05732536315918,-65.80224609375,-0.4180803596973419,0.21172115206718445,-0.4690319299697876
-1336.0039081582804,30.1104793548584,-29.835670471191406,-66.28273010253906,-0.42273297905921936,0.21631518006324768,-0.45884039998054504
-1334.9682462139717,29.670299530029297,-29.609285354614258,-66.75264739990234,-0.4272984564304352,0.22085502743721008,-0.4486207067966461
-1333.9325842696628,29.225435256958008,-29.378225326538086,-67.21195983886719,-0.4317777454853058,0.22534126043319702,-0.43837282061576843
-1332.8969223253541,28.775976181030273,-29.142547607421875,-67.66065216064453,-0.43617162108421326,0.22977447509765625,-0.42809656262397766
-1331.8612603810454,28.322011947631836,-28.902305603027344,-68.09867858886719,-0.44048091769218445,0.23415522277355194,-0.41779181361198425
-1330.8255984367368,27.86362648010254,-28.657554626464844,-68.5260238647461,-0.44470638036727905,0.23848403990268707,-0.40745842456817627
-1329.7899364924278,27.400909423828125,-28.40834617614746,-68.9426498413086,-0.44884878396987915,0.24276144802570343,-0.3970962464809418
-1328.7542745481192,26.933942794799805,-28.154735565185547,-69.34852600097656,-0.4529087543487549,0.24698790907859802,-0.3867050111293793
-1327.7186126038105,26.46281623840332,-27.896772384643555,-69.7436294555664,-0.45688697695732117,0.25116392970085144,-0.37628453969955444
-1326.6829506595018,25.98760986328125,-27.634510040283203,-70.12792205810547,-0.46078407764434814,0.2552899122238159,-0.3658345639705658
-1325.6472887151929,25.508411407470703,-27.368000030517578,-70.50138092041016,-0.4646006226539612,0.25936633348464966,-0.35535481572151184
-1324.6116267708842,25.025299072265625,-27.0972957611084,-70.86396789550781,-0.46833714842796326,0.2633935511112213,-0.3448450267314911
-1323.5759648265755,24.538360595703125,-26.822444915771484,-71.21565246582031,-0.47199419140815735,0.2673720121383667,-0.3343048691749573
-1322.5403028822666,24.04767417907715,-26.543498992919922,-71.55641174316406,-0.4755721986293793,0.2713020145893097,-0.32373398542404175
-1321.504640937958,23.55332374572754,-26.260507583618164,-71.88619995117188,-0.47907164692878723,0.27518394589424133,-0.313132107257843
-1320.4689789936492,23.055389404296875,-25.973520278930664,-72.20499420166016,-0.4824928939342499,0.2790181338787079,-0.30249878764152527
-1319.4333170493405,22.553951263427734,-25.682586669921875,-72.51276397705078,-0.48583635687828064,0.28280484676361084,-0.29183369874954224
-1318.3976551050316,22.049091339111328,-25.38775634765625,-72.8094711303711,-0.4891023635864258,0.28654441237449646,-0.2811364531517029
-1317.361993160723,21.5408878326416,-25.08907699584961,-73.09507751464844,-0.4922912120819092,0.29023703932762146,-0.270406574010849
-1316.3263312164142,21.029422760009766,-24.786596298217773,-73.36956024169922,-0.4954031705856323,0.2938830554485321,-0.25964367389678955
-1315.2906692721056,20.514774322509766,-24.480365753173828,-73.63287353515625,-0.4984384775161743,0.29748260974884033,-0.24884730577468872
-1314.2550073277966,19.99702262878418,-24.170429229736328,-73.8849868774414,-0.5013973712921143,0.30103594064712524,-0.2380169928073883
-1313.219345383488,19.47624397277832,-23.85683822631836,-74.12586975097656,-0.5042799711227417,0.30454322695732117,-0.2271522581577301
-1312.1836834391793,18.95252227783203,-23.53963851928711,-74.35548400878906,-0.507086455821991,0.30800461769104004,-0.21625261008739471
-1311.1480214948706,18.42593002319336,-23.218875885009766,-74.57378387451172,-0.5098168849945068,0.3114202916622162,-0.20531752705574036
-1310.1123595505617,17.89655113220215,-22.894601821899414,-74.78074645996094,-0.5124714374542236,0.3147903382778168,-0.19434648752212524
-1309.076697606253,17.36446189880371,-22.56686019897461,-74.97632598876953,-0.5150499939918518,0.31811487674713135,-0.1833389699459076
-1308.0410356619443,16.829742431640625,-22.235698699951172,-75.16049194335938,-0.5175526738166809,0.3213939666748047,-0.17229439318180084
-1307.0053737176356,16.292469024658203,-21.901165008544922,-75.33319091796875,-0.5199794173240662,0.32462769746780396,-0.16121220588684082
-1305.9697117733267,15.75272274017334,-21.563304901123047,-75.49440002441406,-0.522330105304718,0.3278161287307739,-0.15009184181690216
-1304.934049829018,15.210580825805664,-21.222166061401367,-75.6440658569336,-0.5246047377586365,0.3309592306613922,-0.13893266022205353
-1303.8983878847093,14.666122436523438,-20.877796173095703,-75.78215789794922,-0.5268031358718872,0.3340570032596588,-0.12773409485816956
-1302.8627259404007,14.119427680969238,-20.530242919921875,-75.90863800048828,-0.5289250612258911,0.3371094763278961,-0.11649549752473831
-1301.8270639960917,13.570573806762695,-20.179550170898438,-76.02344512939453,-0.5309704542160034,0.34011656045913696,-0.10521623492240906
-1300.791402051783,13.019641876220703,-19.82576560974121,-76.12655639648438,-0.5329389572143555,0.3430781960487366,-0.09389566630125046
-1299.7557401074744,12.466711044311523,-19.46893882751465,-76.2179183959961,-0.5348302721977234,0.3459942936897278,-0.08253312855958939
-1298.7200781631657,11.91186237335205,-19.109115600585938,-76.29749298095703,-0.5366442203521729,0.34886473417282104,-0.07112793624401093
-1297.6844162188568,11.35517406463623,-18.7463436126709,-76.365234375,-0.5383803248405457,0.3516893982887268,-0.059679411351680756
-1296.648754274548,10.79672908782959,-18.38066864013672,-76.42109680175781,-0.5400382280349731,0.35446810722351074,-0.04818684980273247
-1295.6130923302394,10.236607551574707,-18.01214027404785,-76.46502685546875,-0.5416175127029419,0.3572007119655609,-0.03664953634142876
-1294.5774303859305,9.674891471862793,-17.640806198120117,-76.49699401855469,-0.5431177020072937,0.35988694429397583,-0.02506674826145172
-1293.5417684416218,9.111661911010742,-17.266714096069336,-76.51693725585938,-0.5445383191108704,0.36252662539482117,-0.013437747023999691
-1292.506106497313,8.547003746032715,-16.88991355895996,-76.52481079101562,-0.5458787679672241,0.36511948704719543,-0.001761782681569457
-1291.4704445530044,7.980998516082764,-16.51045036315918,-76.52056884765625,-0.547138512134552,0.36766520142555237,0.00996190495789051
-1290.4347826086955,7.413730621337891,-16.128376007080078,-76.50415802001953,-0.5483168363571167,0.37016353011131287,0.0217340886592865
-1289.3991206643868,6.845284938812256,-15.743738174438477,-76.47553253173828,-0.5494131445884705,0.3726140558719635,0.03355554863810539
-1288.3634587200781,6.275746822357178,-15.356587409973145,-76.43463897705078,-0.5504266619682312,0.375016450881958,0.04542708769440651
-1287.3277967757695,5.705202102661133,-14.966974258422852,-76.38142395019531,-0.5513566732406616,0.37737029790878296,0.05734950304031372
-1286.2921348314605,5.133737564086914,-14.57494831085205,-76.31583404541016,-0.5522023439407349,0.3796752095222473,0.06932361423969269
-1285.2564728871519,4.561441421508789,-14.180561065673828,-76.23780822753906,-0.5529627203941345,0.3819306790828705,0.08135024458169937
-1284.2208109428432,3.9884026050567627,-13.783863067626953,-76.14730834960938,-0.5536370277404785,0.38413622975349426,0.09343022853136063
-1283.1851489985345,3.41471004486084,-13.384907722473145,-76.04426574707031,-0.5542242527008057,0.38629138469696045,0.1055644154548645
-1282.1494870542256,2.8404550552368164,-12.983746528625488,-75.92863464355469,-0.55472332239151,0.3883955180644989,0.11775366216897964
-1281.113825109917,2.2657289505004883,-12.580432891845703,-75.80034637451172,-0.5551332831382751,0.39044809341430664,0.1299988329410553
-1280.0781631656082,1.6906251907348633,-12.175020217895508,-75.65933990478516,-0.5554529428482056,0.39244845509529114,0.1423007845878601
-1279.0425012212995,1.1152375936508179,-11.767562866210938,-75.50556945800781,-0.5556811094284058,0.39439597725868225,0.1546604186296463
-1278.0068392769906,0.5396615862846375,-11.35811710357666,-75.33897399902344,-0.5558165907859802,0.3962899148464203,0.16707861423492432
-1276.971177332682,-0.036006201058626175,-10.946737289428711,-75.15947723388672,-0.5558580756187439,0.39812958240509033,0.1795562505722046
-1275.9355153883732,-0.6116677522659302,-10.533480644226074,-74.96703338623047,-0.5558041930198669,0.3999141454696655,0.19209425151348114
-1274.8998534440645,-1.1872235536575317,-10.118404388427734,-74.76156616210938,-0.5556535720825195,0.4016428291797638,0.2046934962272644
-1273.8641914997556,-1.7625725269317627,-9.701567649841309,-74.54302215576172,-0.5554046630859375,0.4033147692680359,0.2173549085855484
-1272.828529555447,-2.3376121520996094,-9.283028602600098,-74.31133270263672,-0.5550559759140015,0.4049290120601654,0.23007941246032715
-1271.7928676111383,-2.912238121032715,-8.862848281860352,-74.0664291381836,-0.5546058416366577,0.4064846336841583,0.24286790192127228
-1270.7572056668296,-3.486344814300537,-8.44108772277832,-73.8082504272461,-0.5540525317192078,0.40798065066337585,0.2557213008403778
-1269.7215437225207,-4.059823989868164,-8.017809867858887,-73.53672790527344,-0.5533943772315979,0.40941596031188965,0.26864051818847656
-1268.685881778212,-4.632566928863525,-7.593076229095459,-73.25178527832031,-0.5526294112205505,0.41078951954841614,0.28162649273872375
-1267.6502198339033,-5.204461097717285,-7.166953086853027,-72.95336151123047,-0.5517558455467224,0.4121001362800598,0.2946801483631134
-1266.6145578895944,-5.775393486022949,-6.739505767822266,-72.64138793945312,-0.5507715940475464,0.4133465886116028,0.30780234932899475
-1265.5788959452857,-6.345248222351074,-6.310801029205322,-72.31578063964844,-0.5496745109558105,0.41452762484550476,0.3209940493106842
-1264.543234000977,-6.913907527923584,-5.880908012390137,-71.97647857666016,-0.5484625101089478,0.4156419336795807,0.3342561423778534
-1263.5075720566683,-7.481251239776611,-5.449895858764648,-71.62340545654297,-0.5471332669258118,0.41668805480003357,0.34758949279785156
-1262.4719101123594,-8.04715633392334,-5.017836093902588,-71.25648498535156,-0.5456844568252563,0.4176645874977112,0.36099499464035034
-1261.4362481680507,-8.61149787902832,-4.58480167388916,-70.87564086914062,-0.5441135168075562,0.41856998205184937,0.374473512172699
-1260.400586223742,-9.174148559570312,-4.150866985321045,-70.48080444335938,-0.5424180030822754,0.4194026589393616,0.3880259096622467
-1259.3649242794334,-9.734977722167969,-3.716108560562134,-70.07189178466797,-0.5405951738357544,0.4201609194278717,0.401652991771698
-1258.3292623351244,-10.293851852416992,-3.280604124069214,-69.6488265991211,-0.5386422276496887,0.4208430349826813,0.4153556227684021
-1257.2936003908158,-10.850634574890137,-2.844433307647705,-69.2115249633789,-0.5365562438964844,0.42144715785980225,0.4291345179080963
-1256.257938446507,-11.405186653137207,-2.4076778888702393,-68.75991821289062,-0.5343343019485474,0.4219713807106018,0.4429905116558075
-1255.2222765021984,-11.957365989685059,-1.9704220294952393,-68.2939224243164,-0.5319732427597046,0.42241373658180237,0.4569242596626282
-1254.1866145578895,-12.507026672363281,-1.532751202583313,-67.8134536743164,-0.5294697284698486,0.4227721095085144,0.47093650698661804
-1253.1509526135808,-13.0540189743042,-1.0947537422180176,-67.31843566894531,-0.5268204212188721,0.423044353723526,0.48502787947654724
-1252.115290669272,-13.598190307617188,-0.6565198302268982,-66.80877685546875,-0.5240217447280884,0.4232281446456909,0.4991989731788635
-1251.0796287249634,-14.139385223388672,-0.21814246475696564,-66.2844009399414,-0.5210700631141663,0.42332109808921814,0.5134503245353699
-1250.0439667806545,-14.677441596984863,0.22028306126594543,-65.74522399902344,-0.5179615616798401,0.4233207702636719,0.5277824997901917
-1249.0083048363458,-15.21219539642334,0.6586588025093079,-65.19116973876953,-0.5146922469139099,0.4232245087623596,0.5421958565711975
-1247.9726428920371,-15.743478775024414,1.09688401222229,-64.62213897705078,-0.5112579464912415,0.4230296313762665,0.5566908121109009
-1246.9369809477284,-16.2711181640625,1.5348551273345947,-64.03804779052734,-0.5076544284820557,0.4227333068847656,0.5712675452232361
-1245.9013190034195,-16.79493522644043,1.9724655151367188,-63.43882751464844,-0.5038772225379944,0.4223325550556183,0.5859264135360718
-1244.8656570591108,-17.314748764038086,2.4096055030822754,-62.824378967285156,-0.49992167949676514,0.42182427644729614,0.600667417049408
-1243.8299951148022,-17.830371856689453,2.8461620807647705,-62.19462203979492,-0.4957829415798187,0.42120522260665894,0.6154905557632446
-1242.7943331704935,-18.341611862182617,3.2820184230804443,-61.54947280883789,-0.491456001996994,0.42047205567359924,0.6303957104682922
-1241.7586712261846,-18.848270416259766,3.717055082321167,-60.88883972167969,-0.48693570494651794,0.41962122917175293,0.6453826427459717
-1240.7230092818759,-19.350143432617188,4.151148319244385,-60.212646484375,-0.48221659660339355,0.4186490774154663,0.6604509949684143
-1239.6873473375672,-19.84702491760254,4.584169864654541,-59.52080535888672,-0.47729307413101196,0.417551726102829,0.6756001710891724
-1238.6516853932585,-20.338699340820312,5.015988349914551,-58.813232421875,-0.4721592962741852,0.416325181722641,0.6908295750617981
-1237.6160234489496,-20.8249454498291,5.446467876434326,-58.08984375,-0.4668092131614685,0.4149652421474457,0.7061381340026855
-1236.580361504641,-21.3055362701416,5.8754682540893555,-57.350563049316406,-0.46123650670051575,0.41346755623817444,0.7215248942375183
-1235.5446995603322,-21.780237197875977,6.302844047546387,-56.595306396484375,-0.4554347097873688,0.41182753443717957,0.7369885444641113
-1234.5090376160233,-22.248807907104492,6.728446006774902,-55.823997497558594,-0.4493970572948456,0.4100404381752014,0.7525274157524109
-1233.4733756717146,-22.711000442504883,7.15211820602417,-55.03655242919922,-0.4431164860725403,0.40810132026672363,0.7681397795677185
-1232.437713727406,-23.16655921936035,7.57370138168335,-54.232906341552734,-0.43658575415611267,0.406004935503006,0.783823549747467
-1231.4020517830972,-23.61522102355957,7.993030071258545,-53.41297912597656,-0.42979735136032104,0.40374597907066345,0.7995762228965759
-1230.3663898387883,-24.056716918945312,8.409932136535645,-52.57670211791992,-0.4227434992790222,0.40131875872612,0.8153951168060303
-1229.3307278944797,-24.490766525268555,8.824231147766113,-51.72400665283203,-0.41541609168052673,0.39871740341186523,0.8312770128250122
-1228.295065950171,-24.917081832885742,9.235742568969727,-50.854835510253906,-0.4078068137168884,0.39593586325645447,0.8472184538841248
-1227.2594040058623,-25.335365295410156,9.644277572631836,-49.96912384033203,-0.39990705251693726,0.39296776056289673,0.863215446472168
-1226.2237420615534,-25.745315551757812,10.049639701843262,-49.06682205200195,-0.3917079269886017,0.38980650901794434,0.8792634606361389
-1225.1880801172447,-26.14661407470703,10.451623916625977,-48.14786911010742,-0.3832002580165863,0.38644516468048096,0.895357608795166
-1224.152418172936,-26.538936614990234,10.850021362304688,-47.21223068237305,-0.3743745982646942,0.3828766644001007,0.9114923477172852
-1223.1167562286273,-26.921951293945312,11.244611740112305,-46.25986099243164,-0.365221232175827,0.37909355759620667,0.9276614189147949
-1222.0810942843184,-27.295310974121094,11.635169982910156,-45.290733337402344,-0.3557301461696625,0.3750881552696228,0.9438581466674805
-1221.0454323400097,-27.658662796020508,12.021461486816406,-44.3048210144043,-0.34589114785194397,0.3708525002002716,0.9600749015808105
-1220.009770395701,-28.011640548706055,12.403243064880371,-43.30210494995117,-0.33569368720054626,0.3663783371448517,0.9763033390045166
-1218.9741084513923,-28.353866577148438,12.780263900756836,-42.28257751464844,-0.3251270353794098,0.36165711283683777,0.9925343990325928
-1217.9384465070834,-28.684951782226562,13.152263641357422,-41.246246337890625,-0.31418028473854065,0.3566800057888031,1.0087579488754272
-1216.9027845627747,-29.004499435424805,13.518972396850586,-40.193119049072266,-0.30284225940704346,0.3514379858970642,1.0249630212783813
-1215.867122618466,-29.312097549438477,13.880111694335938,-39.123226165771484,-0.2911016345024109,0.34592169523239136,1.041137456893921
-1214.8314606741574,-29.607322692871094,14.235390663146973,-38.03660202026367,-0.27894699573516846,0.34012147784233093,1.0572680234909058
-1213.7957987298485,-29.889739990234375,14.584511756896973,-36.93330001831055,-0.26636677980422974,0.33402755856513977,1.0733404159545898
-1212.7601367855398,-30.158903121948242,14.927165031433105,-35.813392639160156,-0.2533494830131531,0.32762983441352844,1.089338779449463
-1211.724474841231,-30.41435432434082,15.263031005859375,-34.67695999145508,-0.23988346755504608,0.32091808319091797,1.1052459478378296
-1210.6888128969224,-30.655620574951172,15.591777801513672,-33.52410888671875,-0.22595728933811188,0.31388184428215027,1.1210434436798096
-1209.6531509526135,-30.88222312927246,15.913065910339355,-32.35496139526367,-0.21155963838100433,0.30651065707206726,1.1367110013961792
-1208.6174890083048,-31.093664169311523,16.22654151916504,-31.16966438293457,-0.19667944312095642,0.29879382252693176,1.1522268056869507
-1207.5818270639961,-31.289438247680664,16.531841278076172,-29.968385696411133,-0.18130594491958618,0.29072073101997375,1.167567253112793
-1206.5461651196872,-31.469032287597656,16.82859230041504,-28.751323699951172,-0.16542889177799225,0.2822807729244232,1.1827069520950317
-1205.5105031753785,-31.63191795349121,17.11640739440918,-27.518695831298828,-0.14903859794139862,0.2734634280204773,1.1976182460784912
-1204.4748412310698,-31.777559280395508,17.39488983154297,-26.270755767822266,-0.132126122713089,0.26425838470458984,1.2122719287872314
-1203.4391792867611,-31.905410766601562,17.663633346557617,-25.007787704467773,-0.1146833747625351,0.2546556293964386,1.226636290550232
-1202.4035173424522,-32.01491928100586,17.922222137451172,-23.730106353759766,-0.09670340269804001,0.24464553594589233,1.2406777143478394
-1201.3678553981435,-32.10552978515625,18.170230865478516,-22.438066482543945,-0.0781804546713829,0.23421898484230042,1.2543600797653198
-1200.3321934538349,-32.17667007446289,18.40721893310547,-21.132057189941406,-0.059110287576913834,0.22336754202842712,1.2676453590393066
-1199.2965315095262,-32.22777557373047,18.632747650146484,-19.81251335144043,-0.03949037939310074,0.2120835781097412,1.2804927825927734
-1198.2608695652173,-32.258277893066406,18.84636116027832,-18.479907989501953,-0.019320154562592506,0.20036043226718903,1.292859673500061
-1197.2252076209086,-32.26760482788086,19.047605514526367,-17.134763717651367,0.0013987318379804492,0.18819262087345123,1.3047009706497192
-1196.1895456766,-32.255191802978516,19.23601531982422,-15.777647972106934,0.022662129253149033,0.17557603120803833,1.315969705581665
-1195.1538837322912,-32.22047805786133,19.41112518310547,-14.409178733825684,0.04446309804916382,0.16250810027122498,1.3266165256500244
-1194.1182217879823,-32.16291046142578,19.572465896606445,-13.030027389526367,0.0667916089296341,0.14898809790611267,1.3365905284881592
-1193.0825598436736,-32.08195114135742,19.719572067260742,-11.640917778015137,0.0896342545747757,0.1350172907114029,1.3458391427993774
-1192.046897899365,-31.97707748413086,19.85197639465332,-10.24262809753418,0.11297395825386047,0.12059923261404037,1.3543082475662231
-1191.0112359550562,-31.847782135009766,19.969219207763672,-8.835994720458984,0.13678967952728271,0.10573999583721161,1.3619431257247925
-1189.9755740107473,-31.693586349487305,20.07084846496582,-7.421909809112549,0.16105616092681885,0.09044838696718216,1.3686879873275757
-1188.9399120664386,-31.5140380859375,20.156421661376953,-6.001324653625488,0.18574370443820953,0.07473618537187576,1.374487280845642
-1187.90425012213,-31.308717727661133,20.22551155090332,-4.575247287750244,0.21081794798374176,0.058618392795324326,1.3792853355407715
-1186.8685881778213,-31.077245712280273,20.277706146240234,-3.144742727279663,0.23623968660831451,0.04211340844631195,1.3830265998840332
-1185.8329262335124,-30.819284439086914,20.3126163482666,-1.7109360694885254,0.2619645297527313,0.025243373587727547,1.3856521844863892
-1184.7972642892037,-30.5345458984375,20.329875946044922,-0.27502793073654175,0.28794100880622864,0.008035562932491302,1.3870450258255005
-1183.761602344895,-30.222810745239258,20.32916259765625,1.1613022089004517,0.31407254934310913,-0.009451938793063164,1.3863317966461182
-1182.7259404005863,-29.88399314880371,20.310230255126953,2.596007823944092,0.34022605419158936,-0.027135014533996582,1.3840564489364624
-1181.6902784562774,-29.518110275268555,20.272905349731445,4.027684211730957,0.3663272559642792,-0.044967327266931534,1.3804842233657837
-1180.6546165119687,-29.12525177001953,20.217052459716797,5.454990386962891,0.39230749011039734,-0.06290532648563385,1.3756158351898193
-1179.61895456766,-28.70557975769043,20.142587661743164,6.87658166885376,0.41809752583503723,-0.08090408146381378,1.369448184967041
-1178.5832926233513,-28.259326934814453,20.049468994140625,8.291112899780273,0.4436280429363251,-0.0989174172282219,1.3619831800460815
-1177.5476306790424,-27.78679656982422,19.937707901000977,9.697245597839355,0.4688301086425781,-0.11689834296703339,1.353230595588684
-1176.5119687347337,-27.28836441040039,19.807361602783203,11.093652725219727,0.49363598227500916,-0.1347995549440384,1.3432072401046753
-1175.476306790425,-26.764474868774414,19.658538818359375,12.479032516479492,0.5179800391197205,-0.15257401764392853,1.3319379091262817
-1174.4406448461161,-26.215641021728516,19.491392135620117,13.8521089553833,0.5417994856834412,-0.1701754331588745,1.319454550743103
-1173.4049829018074,-25.64243507385254,19.30612564086914,15.211644172668457,0.565034806728363,-0.1875588595867157,1.3057960271835327
-1172.3693209574988,-25.045490264892578,19.10298728942871,16.556446075439453,0.5876309275627136,-0.20468109846115112,1.2910079956054688
-1171.33365901319,-24.425498962402344,18.88226890563965,17.88536834716797,0.6095373034477234,-0.22150129079818726,1.2751414775848389
-1170.2979970688812,-23.78319549560547,18.644302368164062,19.197322845458984,0.6307085752487183,-0.23798124492168427,1.2582530975341797
-1169.2623351245725,-23.11936378479004,18.389461517333984,20.49128532409668,0.6511048674583435,-0.2540857195854187,1.240403413772583
-1168.2266731802638,-22.434825897216797,18.11815071105957,21.76629066467285,0.6706920266151428,-0.2697828412055969,1.2216566801071167
-1167.191011235955,-21.73043441772461,17.8308048248291,23.021446228027344,0.6894417405128479,-0.2850441634654999,1.2020795345306396
-1166.1553492916462,-21.00706672668457,17.527891159057617,24.255924224853516,0.7073314785957336,-0.299844890832901,1.1817407608032227
-1165.1196873473375,-20.265623092651367,17.209896087646484,25.468975067138672,0.7243446111679077,-0.3141638934612274,1.1607095003128052
-1164.0840254030288,-19.507020950317383,16.87732696533203,26.659914016723633,0.7404698133468628,-0.32798367738723755,1.1390557289123535
-1163.0483634587201,-18.732179641723633,16.530712127685547,27.828136444091797,0.7557012438774109,-0.34129035472869873,1.116848111152649
-1162.0127015144112,-17.942028045654297,16.17058563232422,28.973100662231445,0.770037829875946,-0.3540734648704529,1.094154715538025
-1160.9770395701025,-17.137489318847656,15.797494888305664,30.09433937072754,0.7834832668304443,-0.36632582545280457,1.0710415840148926
-1159.9413776257938,-16.31948471069336,15.411991119384766,31.191452026367188,0.796045184135437,-0.37804341316223145,1.0475722551345825
-1158.9057156814852,-15.488923072814941,15.014629364013672,32.26409912109375,0.8077350854873657,-0.38922497630119324,1.0238080024719238
-1157.8700537371762,-14.646699905395508,14.605964660644531,33.312007904052734,0.81856769323349,-0.3998718559741974,0.999806821346283
-1156.8343917928676,-13.793693542480469,14.186548233032227,34.3349609375,0.8285605907440186,-0.40998783707618713,0.9756236672401428
-1155.7987298485589,-12.930765151977539,13.756927490234375,35.33279800415039,0.8377336263656616,-0.4195787012577057,0.951309859752655
-1154.7630679042502,-12.058751106262207,13.317643165588379,36.30540466308594,0.8461089134216309,-0.4286521077156067,0.9269134998321533
-1153.7274059599413,-11.178466796875,12.86922550201416,37.252723693847656,0.853709876537323,-0.43721720576286316,0.9024791121482849
-1152.6917440156326,-10.290700912475586,12.41219711303711,38.17473220825195,0.8605614304542542,-0.44528454542160034,0.8780475854873657
-1151.656082071324,-9.396215438842773,11.947065353393555,39.07145690917969,0.8666892051696777,-0.4528658092021942,0.8536564707756042
-1150.6204201270152,-8.495747566223145,11.474328994750977,39.942955017089844,0.8721195459365845,-0.4599735140800476,0.8293399810791016
-1149.5847581827063,-7.590005397796631,10.994470596313477,40.78932571411133,0.8768792152404785,-0.46662092208862305,0.8051290512084961
-1148.5490962383976,-6.679669380187988,10.507960319519043,41.61068344116211,0.8809950351715088,-0.47282177209854126,0.7810515761375427
-1147.513434294089,-5.765392303466797,10.015253067016602,42.407188415527344,0.8844937086105347,-0.4785902500152588,0.7571324706077576
-1146.47777234978,-4.847800254821777,9.516788482666016,43.179012298583984,0.8874017596244812,-0.4839406907558441,0.7333939075469971
-1145.4421104054713,-3.927490472793579,9.012993812561035,43.926353454589844,0.88974529504776,-0.48888763785362244,0.7098554968833923
-1144.4064484611627,-3.005035161972046,8.504278182983398,44.64942932128906,0.8915499448776245,-0.49344557523727417,0.6865343451499939
-1143.370786516854,-2.080979108810425,7.991037368774414,45.34846878051758,0.8928406238555908,-0.49762892723083496,0.6634454131126404
-1142.335124572545,-1.1558420658111572,7.473651885986328,46.02372360229492,0.8936416506767273,-0.5014519095420837,0.640601634979248
-1141.2994626282364,-0.2301187664270401,6.952487468719482,46.675453186035156,0.8939765691757202,-0.5049286484718323,0.6180139780044556
-1140.2638006839277,0.6957197785377502,6.427896022796631,47.303924560546875,0.893868088722229,-0.5080727934837341,0.5956916809082031
-1139.228138739619,1.6212258338928223,5.900214672088623,47.90941619873047,0.893338143825531,-0.5108978152275085,0.5736423134803772
-1138.19247679531,2.545974016189575,5.369767189025879,48.492218017578125,0.8924077153205872,-0.5134167671203613,0.5518722534179688
-1137.1568148510014,3.469560146331787,4.8368635177612305,49.05261993408203,0.8910971283912659,-0.5156423449516296,0.5303863286972046
-1136.1211529066927,4.391600131988525,4.301801681518555,49.590919494628906,0.8894256353378296,-0.517586886882782,0.5091883540153503
-1135.085490962384,5.31173038482666,3.764866590499878,50.10741424560547,0.8874117136001587,-0.5192621946334839,0.4882810115814209
-1134.0498290180751,6.229605197906494,3.226330518722534,50.60240936279297,0.8850730061531067,-0.520679771900177,0.46766605973243713
-1133.0141670737664,7.144896984100342,2.686455249786377,51.07620620727539,0.8824263215065002,-0.5218505859375,0.44734445214271545
-1131.9785051294577,8.057294845581055,2.1454906463623047,51.52910614013672,0.8794876933097839,-0.5227852463722229,0.4273163378238678
-1130.942843185149,8.96650505065918,1.6036757230758667,51.96141815185547,0.8762722015380859,-0.5234939455986023,0.4075812101364136
-1129.9071812408401,9.872248649597168,1.0612396001815796,52.37343978881836,0.8727944493293762,-0.5239863395690918,0.3881380558013916
-1128.8715192965315,10.774259567260742,0.518401563167572,52.76547622680664,0.8690680861473083,-0.5242718458175659,0.36898523569107056
-1127.8358573522228,11.672287940979004,-0.024628914892673492,53.13782501220703,0.8651060461997986,-0.524359405040741,0.3501207232475281
-1126.800195407914,12.566097259521484,-0.5676512122154236,53.490787506103516,0.860920786857605,-0.5242574214935303,0.33154213428497314
-1125.7645334636052,13.455461502075195,-1.1104732751846313,53.82465362548828,0.856523871421814,-0.5239741802215576,0.3132466673851013
-1124.7288715192965,14.340166091918945,-1.6529115438461304,54.13972091674805,0.8519264459609985,-0.523517370223999,0.29523128271102905
-1123.6932095749878,15.220010757446289,-2.1947898864746094,54.43627166748047,0.8471388816833496,-0.5228944420814514,0.2774927020072937
-1122.6575476306791,16.094802856445312,-2.7359402179718018,54.71459197998047,0.8421710729598999,-0.5221124291419983,0.2600274085998535
-1121.6218856863702,16.9643611907959,-3.2762014865875244,54.9749641418457,0.8370324373245239,-0.521178126335144,0.24283172190189362
-1120.5862237420615,17.82851219177246,-3.8154187202453613,55.21766662597656,0.8317317962646484,-0.5200979113578796,0.22590184211730957
-1119.5505617977528,18.68709373474121,-4.353444576263428,55.442970275878906,0.826277494430542,-0.5188779234886169,0.209233820438385
-1118.514899853444,19.53995132446289,-4.89013671875,55.651145935058594,0.8206773400306702,-0.5175239443778992,0.19282366335391998
-1117.4792379091352,20.386934280395508,-5.425359725952148,55.84246063232422,0.8149389028549194,-0.5160414576530457,0.17666727304458618
-1116.4435759648266,21.227907180786133,-5.958983421325684,56.01716995239258,0.8090691566467285,-0.514435887336731,0.16076050698757172
-1115.4079140205179,22.06273651123047,-6.490882396697998,56.17552947998047,0.8030747771263123,-0.5127120614051819,0.1450992077589035
-1114.372252076209,22.891294479370117,-7.020936965942383,56.31779861450195,0.7969619631767273,-0.51087486743927,0.12967921793460846
-1113.3365901319003,23.713462829589844,-7.549031734466553,56.44422149658203,0.7907366752624512,-0.5089287757873535,0.11449633538722992
-1112.3009281875916,24.529129028320312,-8.075057029724121,56.55503845214844,0.7844045162200928,-0.5068780779838562,0.0995464026927948
-1111.265266243283,25.338184356689453,-8.598905563354492,56.65049362182617,0.7779706716537476,-0.5047269463539124,0.08482527732849121
-1110.229604298974,26.140525817871094,-9.120476722717285,56.73081588745117,0.7714402079582214,-0.5024791955947876,0.07032883167266846
-1109.1939423546653,26.936054229736328,-9.639671325683594,56.796241760253906,0.7648177146911621,-0.500138521194458,0.05605299770832062
-1108.1582804103566,27.724679946899414,-10.156394958496094,56.84699630737305,0.7581076622009277,-0.4977084696292877,0.04199373722076416
-1107.122618466048,28.50631332397461,-10.670557022094727,56.883296966552734,0.7513142228126526,-0.49519234895706177,0.02814706787467003
-1106.086956521739,29.280868530273438,-11.182069778442383,56.90536880493164,0.7444412708282471,-0.492593377828598,0.01450906228274107
-1105.0512945774303,30.04826545715332,-11.690849304199219,56.913421630859375,0.737492561340332,-0.48991450667381287,0.001075852196663618
-1104.0156326331216,30.808429718017578,-12.19681453704834,56.90766525268555,0.7304714918136597,-0.4871586561203003,-0.012156368233263493
-1102.979970688813,31.5612850189209,-12.6998872756958,56.888309478759766,0.7233814001083374,-0.4843285083770752,-0.02519133873283863
-1101.944308744504,32.3067626953125,-13.199991226196289,56.855552673339844,0.7162254452705383,-0.4814266562461853,-0.03803272545337677
-1100.9086468001954,33.0447998046875,-13.697053909301758,56.80959701538086,0.7090064287185669,-0.4784555435180664,-0.050684135407209396
-1099.8729848558867,33.775325775146484,-14.191004753112793,56.75063705444336,0.7017271518707275,-0.47541749477386475,-0.063149094581604
-1098.837322911578,34.49828338623047,-14.681775093078613,56.67885971069336,0.6943901777267456,-0.4723147451877594,-0.07543105632066727
-1097.801660967269,35.2136116027832,-15.169300079345703,56.59445571899414,0.6869979500770569,-0.4691493809223175,-0.08753340691328049
-1096.7659990229604,35.921260833740234,-15.653514862060547,56.49760818481445,0.6795527338981628,-0.46592339873313904,-0.0994594544172287
-1095.7303370786517,36.62117004394531,-16.134357452392578,56.38850402832031,0.6720566749572754,-0.4626387059688568,-0.11121242493391037
-1094.694675134343,37.313289642333984,-16.61176872253418,56.267311096191406,0.6645117998123169,-0.4592970609664917,-0.1227954849600792
-1093.659013190034,37.9975700378418,-17.085691452026367,56.13420867919922,0.6569199562072754,-0.4559001624584198,-0.1342117190361023
-1092.6233512457254,38.67396926879883,-17.556068420410156,55.98937225341797,0.6492830514907837,-0.4524496793746948,-0.14546413719654083
-1091.5876893014167,39.342430114746094,-18.022844314575195,55.83296203613281,0.641602635383606,-0.44894710183143616,-0.1565556824207306
-1090.552027357108,40.0029182434082,-18.485965728759766,55.6651496887207,0.6338803172111511,-0.4453939199447632,-0.1674892008304596
-1089.5163654127991,40.65538787841797,-18.94538116455078,55.48609161376953,0.6261175870895386,-0.44179147481918335,-0.17826750874519348
-1088.4807034684904,41.29979705810547,-19.40104103088379,55.29595184326172,0.6183157563209534,-0.4381410777568817,-0.18889331817626953
-1087.4450415241818,41.93610763549805,-19.85289764404297,55.09488296508789,0.6104761958122253,-0.43444395065307617,-0.19936926662921906
-1086.4093795798728,42.56428146362305,-20.300899505615234,54.8830451965332,0.6026000380516052,-0.4307013154029846,-0.20969796180725098
-1085.3737176355642,43.18427658081055,-20.745004653930664,54.66058349609375,0.5946884751319885,-0.4269142150878906,-0.21988190710544586
-1084.3380556912555,43.79606246948242,-21.185163497924805,54.42764663696289,0.5867424607276917,-0.42308375239372253,-0.2299235314130783
-1083.3023937469468,44.39959716796875,-21.621334075927734,54.184383392333984,0.5787630081176758,-0.41921091079711914,-0.23982524871826172
-1082.2667318026379,44.99485778808594,-22.053470611572266,53.930938720703125,0.5707510709762573,-0.4152965843677521,-0.24958933889865875
-1081.2310698583292,45.5817985534668,-22.48153305053711,53.667449951171875,0.5627074241638184,-0.41134166717529297,-0.2592180669307709
-1080.1954079140205,46.160396575927734,-22.905479431152344,53.39405822753906,0.5546329021453857,-0.40734702348709106,-0.2687136232852936
-1079.1597459697118,46.730613708496094,-23.325267791748047,53.11090087890625,0.5465282201766968,-0.40331342816352844,-0.2780781090259552
-1078.124084025403,47.292423248291016,-23.74085807800293,52.818115234375,0.5383939743041992,-0.3992416262626648,-0.28731364011764526
-1077.0884220810942,47.84579086303711,-24.15221405029297,52.51582717895508,0.5302308797836304,-0.39513227343559265,-0.29642215371131897
-1076.0527601367855,48.390689849853516,-24.55929183959961,52.20417022705078,0.5220394134521484,-0.39098605513572693,-0.3054056465625763
-1075.0170981924769,48.927093505859375,-24.962059020996094,51.88327407836914,0.5138201117515564,-0.3868035674095154,-0.31426599621772766
-1073.981436248168,49.45497131347656,-25.360475540161133,51.55326461791992,0.5055734515190125,-0.38258540630340576,-0.3230050206184387
-1072.9457743038593,49.97428894042969,-25.754505157470703,51.21426773071289,0.49729984998703003,-0.37833210825920105,-0.33162450790405273
-1071.9101123595506,50.48502731323242,-26.14411163330078,50.86640548706055,0.48899969458580017,-0.37404415011405945,-0.3401261866092682
-1070.8744504152419,50.987159729003906,-26.529260635375977,50.509796142578125,0.48067331314086914,-0.36972200870513916,-0.3485116958618164
-1069.838788470933,51.48065185546875,-26.909914016723633,50.14456558227539,0.4723210334777832,-0.365366131067276,-0.3567827045917511
-1068.8031265266243,51.965476989746094,-27.286039352416992,49.77082443237305,0.46394312381744385,-0.360976904630661,-0.36494070291519165
-1067.7674645823156,52.44161605834961,-27.657602310180664,49.38869094848633,0.4555397629737854,-0.35655468702316284,-0.3729872703552246
-1066.731802638007,52.90903854370117,-28.024568557739258,48.99828338623047,0.44711118936538696,-0.35209986567497253,-0.3809238374233246
-1065.696140693698,53.36772155761719,-28.386903762817383,48.59971237182617,0.4386575520038605,-0.3476127088069916,-0.3887518346309662
-1064.6604787493893,53.81763458251953,-28.74457550048828,48.193092346191406,0.43017899990081787,-0.34309351444244385,-0.39647263288497925
-1063.6248168050806,54.258750915527344,-29.097551345825195,47.778526306152344,0.4216756224632263,-0.33854252099990845,-0.40408754348754883
-1062.589154860772,54.6910514831543,-29.445796966552734,47.35613250732422,0.413147509098053,-0.33396002650260925,-0.4115978181362152
-1061.553492916463,55.114505767822266,-29.78927993774414,46.92601013183594,0.40459468960762024,-0.3293461799621582,-0.4190047085285187
-1060.5178309721543,55.529090881347656,-30.127967834472656,46.4882698059082,0.3960172235965729,-0.324701189994812,-0.42630940675735474
-1059.4821690278457,55.934776306152344,-30.461830139160156,46.04301834106445,0.3874150514602661,-0.3200252056121826,-0.4335130453109741
-1058.4465070835367,56.33154296875,-30.79083251953125,45.59035873413086,0.37878820300102234,-0.31531837582588196,-0.4406166970729828
-1057.410845139228,56.7193603515625,-31.114946365356445,45.130393981933594,0.370136559009552,-0.3105808198451996,-0.4476214647293091
-1056.3751831949194,57.098209381103516,-31.43413734436035,44.66322326660156,0.3614601194858551,-0.30581265687942505,-0.4545283019542694
-1055.3395212506107,57.468055725097656,-31.74837303161621,44.1889533996582,0.3527587354183197,-0.30101391673088074,-0.46133819222450256
-1054.3038593063018,57.82887649536133,-32.05762481689453,43.70767593383789,0.34403231739997864,-0.2961846590042114,-0.46805211901664734
-1053.268197361993,58.18064880371094,-32.36185836791992,43.21949768066406,0.33528071641921997,-0.2913249433040619,-0.4746708869934082
-1052.2325354176844,58.52334213256836,-32.661041259765625,42.72451400756836,0.32650378346443176,-0.28643476963043213,-0.4811953902244568
-1051.1968734733757,58.85693359375,-32.95514678955078,42.222816467285156,0.3177013397216797,-0.28151416778564453,-0.48762640357017517
-1050.1612115290668,59.181396484375,-33.244136810302734,41.71451187133789,0.30887314677238464,-0.2765630781650543,-0.4939647316932678
-1049.1255495847581,59.4967041015625,-33.52798843383789,41.19968795776367,0.3000190854072571,-0.2715815007686615,-0.5002110600471497
-1048.0898876404494,59.802825927734375,-33.80665969848633,40.678443908691406,0.29113882780075073,-0.2665693163871765,-0.5063661336898804
-1047.0542256961407,60.099735260009766,-34.08012771606445,40.15087127685547,0.2822321653366089,-0.26152652502059937,-0.5124305486679077
-1046.0185637518318,60.38740921020508,-34.34835433959961,39.6170654296875,0.27329885959625244,-0.2564530372619629,-0.5184049606323242
-1044.9829018075231,60.66581726074219,-34.61131286621094,39.077117919921875,0.26433858275413513,-0.25134867429733276,-0.5242899060249329
-1043.9472398632145,60.934932708740234,-34.86896896362305,38.53112030029297,0.25535106658935547,-0.2462133914232254,-0.5300859808921814
-1042.9115779189058,61.19472122192383,-35.12129211425781,37.97916793823242,0.246335968375206,-0.24104700982570648,-0.5357935428619385
-1041.8759159745969,61.44516372680664,-35.36824417114258,37.42135238647461,0.23729300498962402,-0.23584939539432526,-0.5414132475852966
-1040.8402540302882,61.686222076416016,-35.60980224609375,36.857757568359375,0.22822178900241852,-0.2306203693151474,-0.546945333480835
-1039.8045920859795,61.91787338256836,-35.845924377441406,36.28847885131836,0.21912197768688202,-0.22535976767539978,-0.5523903369903564
-1038.7689301416708,62.14008712768555,-36.07658386230469,35.71360778808594,0.20999321341514587,-0.2200673669576645,-0.5577484965324402
-1037.733268197362,62.35282897949219,-36.30174255371094,35.13323211669922,0.20083509385585785,-0.214742973446846,-0.5630202293395996
-1036.6976062530532,62.556068420410156,-36.5213737487793,34.54743957519531,0.1916472166776657,-0.20938634872436523,-0.568205714225769
-1035.6619443087445,62.74978256225586,-36.73543930053711,33.956321716308594,0.18242917954921722,-0.20399725437164307,-0.5733051896095276
-1034.6262823644358,62.933929443359375,-36.94390869140625,33.35997009277344,0.17318055033683777,-0.1985754519701004,-0.5783188939094543
-1033.590620420127,63.108482360839844,-37.14674377441406,32.75846862792969,0.16390088200569153,-0.19312065839767456,-0.5832470059394836
-1032.5549584758182,63.27341079711914,-37.343910217285156,32.15190505981445,0.15458974242210388,-0.18763257563114166,-0.5880895853042603
-1031.5192965315096,63.42867660522461,-37.535377502441406,31.540372848510742,0.14524663984775543,-0.18211092054843903,-0.5928468108177185
-1030.4836345872006,63.57425308227539,-37.72111129760742,30.92395782470703,0.13587111234664917,-0.17655538022518158,-0.5975186228752136
-1029.447972642892,63.71009826660156,-37.90106964111328,30.30274772644043,0.1264626681804657,-0.17096564173698425,-0.6021050214767456
-1028.4123106985833,63.836185455322266,-38.07522201538086,29.67683219909668,0.11702079325914383,-0.1653413325548172,-0.6066060662269592
-1027.3766487542746,63.952476501464844,-38.243534088134766,29.04629898071289,0.10754498094320297,-0.15968212485313416,-0.6110216379165649
-1026.3409868099657,64.0589370727539,-38.40596389770508,28.411237716674805,0.09803470969200134,-0.15398764610290527,-0.615351676940918
-1025.305324865657,64.15552520751953,-38.56248092651367,27.77173614501953,0.08848942816257477,-0.1482575237751007,-0.6195958852767944
-1024.2696629213483,64.2422103881836,-38.713043212890625,27.127883911132812,0.07890859246253967,-0.14249134063720703,-0.6237542033195496
-1023.2340009770395,64.31895446777344,-38.85761260986328,26.479768753051758,0.06929163634777069,-0.1366887092590332,-0.6278263926506042
-1022.1983390327308,64.38572692871094,-38.99615478515625,25.827482223510742,0.05963798984885216,-0.1308491826057434,-0.6318120360374451
-1021.162677088422,64.44247436523438,-39.128631591796875,25.171112060546875,0.049947068095207214,-0.12497235089540482,-0.6357109546661377
-1020.1270151441133,64.48916625976562,-39.255001068115234,24.5107479095459,0.04021827131509781,-0.11905775219202042,-0.6395227313041687
-1019.0913531998045,64.52576446533203,-39.37522506713867,23.84648323059082,0.03045099414885044,-0.1131049245595932,-0.6432469487190247
-1018.0556912554958,64.55223083496094,-39.48926544189453,23.17840576171875,0.020644618198275566,-0.10711339116096497,-0.6468831896781921
-1017.020029311187,64.56851196289062,-39.597076416015625,22.506608963012695,0.010798513889312744,-0.10108266025781631,-0.6504308581352234
-1015.9843673668784,64.5745849609375,-39.69862365722656,21.83118438720703,0.0009120405884459615,-0.09501221776008606,-0.6538894772529602
-1014.9487054225696,64.57038879394531,-39.79386520385742,21.152223587036133,-0.009015452116727829,-0.08890154957771301,-0.6572583913803101
-1013.9130434782609,64.55589294433594,-39.882755279541016,20.469820022583008,-0.01898462511599064,-0.08275012671947479,-0.6605370044708252
-1012.8773815339521,64.53105163574219,-39.96525192260742,19.784069061279297,-0.028996149078011513,-0.07655739039182663,-0.6637246012687683
-1011.8417195896434,64.49581909179688,-40.041316986083984,19.095064163208008,-0.03905070573091507,-0.07032278925180435,-0.6668204069137573
-1010.8060576453346,64.45014953613281,-40.11090087890625,18.40289878845215,-0.049148984253406525,-0.0640457421541214,-0.6698235869407654
-1009.7703957010259,64.39399719238281,-40.1739616394043,17.707674026489258,-0.05929168686270714,-0.05772564932703972,-0.6727333664894104
-1008.7347337567171,64.32732391357422,-40.23045349121094,17.009483337402344,-0.06947952508926392,-0.051361918449401855,-0.675548791885376
-1007.6990718124084,64.25006866455078,-40.280330657958984,16.308425903320312,-0.07971321791410446,-0.04495391994714737,-0.6782687902450562
-1006.6634098680996,64.16219329833984,-40.323551177978516,15.604601860046387,-0.08999349176883698,-0.03850102424621582,-0.6808924674987793
-1005.6277479237909,64.06364440917969,-40.36006546020508,14.898111343383789,-0.10032108426094055,-0.03200257942080498,-0.6834186315536499
-1004.5920859794821,63.95438003540039,-40.38982391357422,14.189055442810059,-0.11069674044847488,-0.025457922369241714,-0.6858461499214172
-1003.5564240351734,63.83434295654297,-40.41278076171875,13.47753620147705,-0.12112121284008026,-0.018866373226046562,-0.688173770904541
-1002.5207620908647,63.7034797668457,-40.42888641357422,12.763659477233887,-0.13159526884555817,-0.012227238155901432,-0.690400242805481
-1001.4851001465559,63.56174850463867,-40.43809127807617,12.047529220581055,-0.1421196609735489,-0.005539807956665754,-0.6925241947174072
-1000.4494382022472,63.409088134765625,-40.44034194946289,11.329253196716309,-0.1526951789855957,0.001196639845147729,-0.6945441365242004
-999.4137762579384,63.24544906616211,-40.43559265136719,10.608940124511719,-0.1633225977420807,0.007982843555510044,-0.6964585781097412
-998.3781143136297,63.07077407836914,-40.423789978027344,9.886698722839355,-0.17400269210338593,0.014819557778537273,-0.6982659101486206
-997.3424523693209,62.885013580322266,-40.40488052368164,9.162642478942871,-0.18473626673221588,0.021707547828555107,-0.6999645233154297
-996.3067904250122,62.6881103515625,-40.37881088256836,8.436883926391602,-0.19552412629127502,0.02864759974181652,-0.7015526294708252
-995.2711284807034,62.480003356933594,-40.345523834228516,7.709538459777832,-0.20636704564094543,0.03564050793647766,-0.7030283808708191
-994.2354665363947,62.26063537597656,-40.30496597290039,6.980723857879639,-0.21726584434509277,0.04268708825111389,-0.7043898701667786
-993.1998045920859,62.02995300292969,-40.25708770751953,6.250558853149414,-0.22822131216526031,0.04978816211223602,-0.7056350111961365
-992.1641426477772,61.78789520263672,-40.201820373535156,5.519165992736816,-0.23923425376415253,0.05694457143545151,-0.7067617177963257
-991.1284807034684,61.534400939941406,-40.13911437988281,4.786668300628662,-0.2503054738044739,0.0641571655869484,-0.7077677845954895
-990.0928187591597,61.269412994384766,-40.068912506103516,4.053192138671875,-0.26143577694892883,0.07142682373523712,-0.7086507678031921
-989.0571568148509,60.992862701416016,-39.991146087646484,3.31886625289917,-0.27262595295906067,0.07875441014766693,-0.709408164024353
-988.0214948705423,60.70469284057617,-39.905765533447266,2.583822250366211,-0.28387677669525146,0.08614082634449005,-0.7100372314453125
-986.9858329262335,60.404842376708984,-39.81270217895508,1.8481945991516113,-0.2951890230178833,0.09358695894479752,-0.7105348110198975
-985.9501709819248,60.09324264526367,-39.71189498901367,1.1121214628219604,-0.30656343698501587,0.10109370201826096,-0.7108964323997498
-984.914509037616,59.76982879638672,-39.6032829284668,0.37574800848960876,-0.3180006742477417,0.10866189748048782,-0.7111115455627441
-983.8788470933073,59.43453598022461,-39.48680114746094,-0.360748291015625,-0.32950055599212646,0.11629190295934677,-0.7111139297485352
-982.8431851489985,59.087303161621094,-39.36238479614258,-1.0971238613128662,-0.34106141328811646,0.12398301810026169,-0.7108966112136841
-981.8075232046898,58.728065490722656,-39.2299690246582,-1.83319091796875,-0.35268285870552063,0.13173548877239227,-0.710520327091217
-980.771861260381,58.35676193237305,-39.08949661254883,-2.5687882900238037,-0.3643653392791748,0.13955004513263702,-0.7099897861480713
-979.7361993160723,57.97332763671875,-38.940895080566406,-3.303755760192871,-0.37610924243927,0.147427499294281,-0.7093031406402588
-978.7005373717635,57.57769775390625,-38.78410339355469,-4.037930011749268,-0.3879150450229645,0.1553686559200287,-0.7084574103355408
-977.6648754274548,57.16980743408203,-38.61905288696289,-4.771144390106201,-0.3997831642627716,0.16337433457374573,-0.7074489593505859
-976.629213483146,56.749595642089844,-38.4456787109375,-5.503228664398193,-0.41171395778656006,0.17144536972045898,-0.7062739133834839
-975.5935515388373,56.316993713378906,-38.263912200927734,-6.234007358551025,-0.4237077534198761,0.17958255112171173,-0.7049281597137451
-974.5578895945285,55.8719367980957,-38.07368087768555,-6.9633026123046875,-0.435764878988266,0.18778668344020844,-0.7034074664115906
-973.5222276502199,55.41436004638672,-37.87491989135742,-7.690930366516113,-0.44788551330566406,0.19605858623981476,-0.7017074227333069
-972.4865657059111,54.94419860839844,-37.66755676269531,-8.416702270507812,-0.46006983518600464,0.2043990194797516,-0.699823260307312
-971.4509037616023,54.461387634277344,-37.45152282714844,-9.140425682067871,-0.47231796383857727,0.2128087282180786,-0.6977501511573792
-970.4152418172936,53.96585464477539,-37.22673797607422,-9.861902236938477,-0.48462986946105957,0.22128848731517792,-0.6954830288887024
-969.3795798729848,53.45753860473633,-36.99313735961914,-10.580927848815918,-0.49700552225112915,0.22983898222446442,-0.6930165886878967
-968.3439179286761,52.93637466430664,-36.750640869140625,-11.297292709350586,-0.5094447731971741,0.23846089839935303,-0.6903454065322876
-967.3082559843673,52.40229034423828,-36.499183654785156,-12.010783195495605,-0.5219473242759705,0.24715490639209747,-0.6874635815620422
-966.2725940400586,51.855228424072266,-36.238677978515625,-12.72117805480957,-0.5345128774642944,0.2559216022491455,-0.6843653321266174
-965.2369320957498,51.29512023925781,-35.969058990478516,-13.42824935913086,-0.547140896320343,0.2647615671157837,-0.6810442805290222
-964.2012701514411,50.721900939941406,-35.69024658203125,-14.131762504577637,-0.5598307847976685,0.2736753225326538,-0.6774941086769104
-963.1656082071323,50.1355094909668,-35.402164459228516,-14.831477165222168,-0.5725818276405334,0.2826632857322693,-0.6737080216407776
-962.1299462628236,49.5358772277832,-35.104732513427734,-15.527146339416504,-0.5853930115699768,0.29172590374946594,-0.6696790456771851
-961.0942843185148,48.922950744628906,-34.79787826538086,-16.21851348876953,-0.5982633233070374,0.30086347460746765,-0.6653998494148254
-960.0586223742062,48.296661376953125,-34.48152160644531,-16.905315399169922,-0.6111915111541748,0.3100762367248535,-0.6608629822731018
-959.0229604298974,47.65695571899414,-34.15558624267578,-17.587282180786133,-0.6241760849952698,0.3193643391132355,-0.656060516834259
-957.9872984855887,47.0037727355957,-33.81998825073242,-18.264135360717773,-0.6372153162956238,0.3287278413772583,-0.6509843468666077
-956.9516365412799,46.33705520629883,-33.47465896606445,-18.935585021972656,-0.6503073573112488,0.33816665410995483,-0.6456259489059448
-955.9159745969712,45.65675735473633,-33.119510650634766,-19.601335525512695,-0.6634499430656433,0.34768062829971313,-0.6399765014648438
-954.8803126526624,44.96282196044922,-32.75447082519531,-20.261079788208008,-0.6766406893730164,0.35726943612098694,-0.6340269446372986
-953.8446507083537,44.25519943237305,-32.37946319580078,-20.91450309753418,-0.6898767948150635,0.36693254113197327,-0.62776780128479
-952.8089887640449,43.53384780883789,-31.99441146850586,-21.561279296875,-0.7031551003456116,0.37666934728622437,-0.621189296245575
-951.7733268197362,42.79872512817383,-31.59923553466797,-22.201074600219727,-0.7164722681045532,0.386478990316391,-0.6142811179161072
-950.7376648754274,42.04978942871094,-31.193862915039062,-22.833538055419922,-0.7298243641853333,0.39636045694351196,-0.6070329546928406
-949.7020029311187,41.287010192871094,-30.77821922302246,-23.458314895629883,-0.7432071566581726,0.4063124358654022,-0.5994337201118469
-948.6663409868099,40.51035690307617,-30.35223388671875,-24.075035095214844,-0.756615936756134,0.4163334369659424,-0.591472327709198
-947.6306790425012,39.71980667114258,-29.915834426879883,-24.68331527709961,-0.7700454592704773,0.4264216721057892,-0.5831371545791626
-946.5950170981924,38.915340423583984,-29.46895408630371,-25.282766342163086,-0.7834900617599487,0.4365750253200531,-0.5744161605834961
-945.5593551538838,38.09694290161133,-29.011526107788086,-25.87298011779785,-0.7969433069229126,0.4467910826206207,-0.5652970671653748
-944.523693209575,37.264610290527344,-28.54348373413086,-26.45353889465332,-0.8103983998298645,0.45706707239151,-0.5557671785354614
-943.4880312652663,36.4183464050293,-28.06477165222168,-27.02400779724121,-0.8238477110862732,0.46739986538887024,-0.5458135008811951
-942.4523693209575,35.55815887451172,-27.575328826904297,-27.58394432067871,-0.8372828960418701,0.4777858257293701,-0.5354227423667908
-941.4167073766487,34.6840705871582,-27.075105667114258,-28.13288688659668,-0.8506949543952942,0.4882209002971649,-0.5245811939239502
-940.38104543234,33.79610824584961,-26.564050674438477,-28.670360565185547,-0.8640739321708679,0.4987005293369293,-0.5132749080657959
-939.3453834880312,32.894309997558594,-26.04212188720703,-29.195878982543945,-0.8774091601371765,0.5092196464538574,-0.5014897584915161
-938.3097215437225,31.978727340698242,-25.509279251098633,-29.708938598632812,-0.8906888961791992,0.5197725296020508,-0.4892113506793976
-937.2740595994137,31.049427032470703,-24.96549415588379,-30.20901870727539,-0.9039003849029541,0.5303528904914856,-0.47642508149147034
-936.238397655105,30.10648536682129,-24.41073989868164,-30.695589065551758,-0.9170299172401428,0.5409536361694336,-0.463116317987442
-935.2027357107962,29.149993896484375,-23.845001220703125,-31.16809844970703,-0.9300626516342163,0.5515670776367188,-0.4492702782154083
-934.1670737664875,28.180063247680664,-23.268264770507812,-31.6259822845459,-0.9429823756217957,0.5621845722198486,-0.43487223982810974
-933.1314118221787,27.19681739807129,-22.6805362701416,-32.06866455078125,-0.955771803855896,0.5727967619895935,-0.4199075996875763
-932.09574987787,26.200401306152344,-22.081823348999023,-32.495548248291016,-0.9684122800827026,0.583393394947052,-0.4043619632720947
-931.0600879335612,25.190980911254883,-21.472148895263672,-32.90602111816406,-0.9808836579322815,0.593963086605072,-0.3882211744785309
-930.0244259892526,24.168739318847656,-20.851547241210938,-33.299468994140625,-0.9931644201278687,0.6044935584068298,-0.371471643447876
-928.9887640449438,23.133888244628906,-20.220064163208008,-33.67524719238281,-1.0052316188812256,0.614971399307251,-0.35410022735595703
-927.9531021006351,22.08666229248047,-19.5777645111084,-34.03270721435547,-1.0170605182647705,0.625382125377655,-0.33609461784362793
-926.9174401563263,21.027318954467773,-18.924724578857422,-34.371185302734375,-1.0286248922348022,0.6357099413871765,-0.3174434006214142
-925.8817782120176,19.956146240234375,-18.261037826538086,-34.690006256103516,-1.039897084236145,0.645937979221344,-0.29813632369041443
-924.8461162677088,18.87346649169922,-17.58681869506836,-34.98849105834961,-1.0508475303649902,0.6560478806495667,-0.2781643867492676
-923.8104543234001,17.77962303161621,-16.902196884155273,-35.26594543457031,-1.0614451169967651,0.6660200953483582,-0.25752031803131104
-922.7747923790913,16.675003051757812,-16.20732879638672,-35.521663665771484,-1.0716569423675537,0.6758338212966919,-0.2361985296010971
-921.7391304347826,15.560019493103027,-15.502389907836914,-35.75495147705078,-1.0814489126205444,0.6854667067527771,-0.2141956239938736
-920.7034684904738,14.435128211975098,-14.787576675415039,-35.9650993347168,-1.0907851457595825,0.6948951482772827,-0.1915106475353241
-919.6678065461651,13.300820350646973,-14.063116073608398,-36.151397705078125,-1.099628210067749,0.7040942907333374,-0.16814526915550232
-918.6321446018563,12.157626152038574,-13.329257011413574,-36.313148498535156,-1.1079398393630981,0.71303790807724,-0.1441042572259903
-917.5964826575477,11.006114959716797,-12.586280822753906,-36.44965362548828,-1.1156803369522095,0.7216986417770386,-0.11939568817615509
-916.5608207132389,9.846901893615723,-11.834493637084961,-36.56023025512695,-1.1228092908859253,0.7300480008125305,-0.09403132647275925
-915.5251587689302,8.680639266967773,-11.07423210144043,-36.644203186035156,-1.129285454750061,0.7380565404891968,-0.06802691519260406
-914.4894968246214,7.508025169372559,-10.305867195129395,-36.70092010498047,-1.1350675821304321,0.7456939220428467,-0.04140246659517288
-913.4538348803127,6.329800128936768,-9.529797554016113,-36.72975540161133,-1.140114426612854,0.7529293298721313,-0.014182551763951778
-912.4181729360039,5.14674711227417,-8.746456146240234,-36.7301025390625,-1.1443849802017212,0.7597314119338989,0.013603470288217068
-911.3825109916951,3.9596900939941406,-7.956308364868164,-36.701393127441406,-1.1478391885757446,0.7660688757896423,0.04192126542329788
-910.3468490473864,2.7694952487945557,-7.159850597381592,-36.64310073852539,-1.1504387855529785,0.7719104290008545,0.07073139399290085
-909.3111871030776,1.5770667791366577,-6.357613563537598,-36.55473327636719,-1.152146816253662,0.7772254943847656,0.09998925030231476
-908.2755251587689,0.38334575295448303,-5.550157070159912,-36.43585205078125,-1.1529290676116943,0.781984269618988,0.12964510917663574
-907.2398632144601,-0.8106924891471863,-4.738072872161865,-36.286075592041016,-1.152754545211792,0.7861582040786743,0.15964418649673462
-906.2042012701514,-2.004042387008667,-3.9219799041748047,-36.105079650878906,-1.1515953540802002,0.7897204756736755,0.18992692232131958
-905.1685393258426,-3.195671558380127,-3.102525472640991,-35.892601013183594,-1.149428129196167,0.7926463484764099,0.22042927145957947
-904.132877381534,-4.384525775909424,-2.2803802490234375,-35.64844512939453,-1.1462337970733643,0.7949134707450867,0.251083105802536
-903.0972154372251,-5.569533348083496,-1.4562363624572754,-35.37249755859375,-1.141998529434204,0.7965025305747986,0.2818167805671692
-902.0615534929165,-6.749611854553223,-0.630805253982544,-35.0647087097168,-1.136713981628418,0.797397255897522,0.31255578994750977
-901.0258915486077,-7.923672676086426,0.19518741965293884,-34.72511672973633,-1.1303775310516357,0.7975850105285645,0.3432234823703766
-899.990229604299,-9.090627670288086,1.0210044384002686,-34.35383605957031,-1.1229926347732544,0.7970569133758545,0.3737417459487915
-898.9545676599902,-10.249396324157715,1.8459017276763916,-33.95105743408203,-1.1145689487457275,0.7958080768585205,0.4040320813655853
-897.9189057156815,-11.398908615112305,2.6691317558288574,-33.517059326171875,-1.1051222085952759,0.7938377857208252,0.43401631712913513
-896.8832437713727,-12.538116455078125,3.4899489879608154,-33.05220031738281,-1.0946742296218872,0.7911494970321655,0.46361756324768066
-895.847581827064,-13.665996551513672,4.307613372802734,-32.556915283203125,-1.0832525491714478,0.7877508401870728,0.49276113510131836
-894.8119198827552,-14.7815580368042,5.121394634246826,-32.031715393066406,-1.0708903074264526,0.7836534380912781,0.5213753581047058
-893.7762579384465,-15.883846282958984,5.930577754974365,-31.477184295654297,-1.0576257705688477,0.7788730263710022,0.5493922233581543
-892.7405959941377,-16.971946716308594,6.734463691711426,-30.89397430419922,-1.043501615524292,0.773428738117218,0.5767483115196228
-891.704934049829,-18.044994354248047,7.53237771987915,-30.282800674438477,-1.028564453125,0.7673431634902954,0.603385329246521
-890.6692721055202,-19.1021728515625,8.323667526245117,-29.64443588256836,-1.012864351272583,0.7606419324874878,0.6292504668235779
-889.6336101612115,-20.142719268798828,9.107710838317871,-28.97970199584961,-0.9964540004730225,0.7533531785011292,0.654296875
-888.5979482169028,-21.165925979614258,9.88391399383545,-28.289470672607422,-0.9793879985809326,0.7455073595046997,0.6784839034080505
-887.5622862725941,-22.171142578125,10.651716232299805,-27.574649810791016,-0.9617222547531128,0.7371366024017334,0.7017771005630493
-886.5266243282853,-23.157777786254883,11.410592079162598,-26.836181640625,-0.9435133337974548,0.7282742857933044,0.7241483330726624
-885.4909623839766,-24.125295639038086,12.160050392150879,-26.075029373168945,-0.9248178005218506,0.718954861164093,0.7455757260322571
-884.4553004396678,-25.073225021362305,12.89963436126709,-25.29218292236328,-0.9056917428970337,0.709213137626648,0.7660433053970337
-883.419638495359,-26.001148223876953,13.628927230834961,-24.4886417388916,-0.8861901164054871,0.6990840435028076,0.785540759563446
-882.3839765510503,-26.908700942993164,14.347542762756348,-23.6654109954834,-0.8663663864135742,0.6886023879051208,0.8040633201599121
-881.3483146067415,-27.79557991027832,15.055135726928711,-22.823501586914062,-0.8462722301483154,0.6778023838996887,0.8216109871864319
-880.3126526624328,-28.661529541015625,15.75139331817627,-21.96392250061035,-0.8259570002555847,0.6667174100875854,0.8381884098052979
-879.276990718124,-29.506343841552734,16.436037063598633,-21.087675094604492,-0.8054677844047546,0.6553798913955688,0.8538044095039368
-878.2413287738153,-30.32986831665039,17.10881996154785,-20.19574546813965,-0.7848489880561829,0.6438210606575012,0.8684713244438171
-877.2056668295065,-31.131990432739258,17.76953125,-19.289112091064453,-0.7641421556472778,0.6320706009864807,0.8822047710418701
-876.1700048851978,-31.91263771057129,18.417987823486328,-18.368730545043945,-0.7433861494064331,0.6201569437980652,0.8950231075286865
-875.134342940889,-32.67177963256836,19.054031372070312,-17.435537338256836,-0.7226170301437378,0.6081069111824036,0.9069470167160034
-874.0986809965804,-33.409420013427734,19.677534103393555,-16.490449905395508,-0.7018678784370422,0.5959455966949463,0.9179990291595459
-873.0630190522716,-34.12559127807617,20.28839683532715,-15.534357070922852,-0.6811690330505371,0.583696722984314,0.9282034039497375
-872.0273571079629,-34.82036590576172,20.886537551879883,-14.568123817443848,-0.6605482697486877,0.5713820457458496,0.9375853538513184
-870.9916951636541,-35.49383544921875,21.471899032592773,-13.592588424682617,-0.6400305032730103,0.5590220093727112,0.946171224117279
-869.9560332193454,-36.146121978759766,22.044443130493164,-12.608562469482422,-0.6196382641792297,0.5466353893280029,0.9539878368377686
-868.9203712750366,-36.77735900878906,22.604154586791992,-11.616827011108398,-0.5993918180465698,0.5342393517494202,0.9610623121261597
-867.8847093307279,-37.38771057128906,23.151029586791992,-10.61813735961914,-0.5793090462684631,0.5218497514724731,0.9674220681190491
-866.8490473864191,-37.977359771728516,23.685081481933594,-9.61322021484375,-0.5594057440757751,0.509480893611908,0.9730942845344543
-865.8133854421104,-38.54648971557617,24.206340789794922,-8.60277271270752,-0.5396957397460938,0.4971458315849304,0.9781061410903931
-864.7777234978016,-39.095314025878906,24.714847564697266,-7.587464332580566,-0.5201910734176636,0.48485633730888367,0.9824841618537903
-863.7420615534929,-39.624046325683594,25.210655212402344,-6.567939281463623,-0.5009021759033203,0.4726230502128601,0.9862545728683472
-862.7063996091841,-40.1329231262207,25.693824768066406,-5.5448126792907715,-0.48183774948120117,0.46045544743537903,0.9894429445266724
-861.6707376648754,-40.622169494628906,26.164432525634766,-4.518674850463867,-0.4630052447319031,0.44836199283599854,0.9920741319656372
-860.6350757205666,-41.092037200927734,26.622556686401367,-3.4900898933410645,-0.4444107711315155,0.4363501965999603,0.9941719174385071
-859.599413776258,-41.54277420043945,27.06828498840332,-2.459599018096924,-0.4260593354701996,0.42442670464515686,0.9957588911056519
-858.5637518319492,-41.97462844848633,27.5017147064209,-1.427720308303833,-0.4079548716545105,0.4125974476337433,0.9968544244766235
-857.5280898876405,-42.38786697387695,27.922943115234375,-0.39495864510536194,-0.3901009261608124,0.40086784958839417,0.9974596500396729
-856.4924279433317,-42.782745361328125,28.33207893371582,0.6380983591079712,-0.3725050687789917,0.3892459571361542,0.997367799282074
-855.456765999023,-43.15953826904297,28.729238510131836,1.6707191467285156,-0.35518163442611694,0.377744197845459,0.9966878294944763
-854.4211040547142,-43.51853561401367,29.114551544189453,2.702423572540283,-0.3381325602531433,0.36636677384376526,0.9956057071685791
-853.3854421104054,-43.860015869140625,29.48814582824707,3.7328128814697266,-0.3213561773300171,0.3551153838634491,0.9941524267196655
-852.3497801660967,-44.184261322021484,29.850154876708984,4.761514186859131,-0.3048502504825592,0.34399116039276123,0.9923484921455383
-851.3141182217879,-44.49155044555664,30.200708389282227,5.788173198699951,-0.28861203789711,0.33299481868743896,0.9902117252349854
-850.2784562774792,-44.782161712646484,30.539939880371094,6.8124542236328125,-0.2726384699344635,0.32212668657302856,0.9877587556838989
-849.2427943331704,-45.056365966796875,30.86798095703125,7.834037780761719,-0.2569262385368347,0.3113868832588196,0.9850050210952759
-848.2071323888617,-45.31442642211914,31.184967041015625,8.852620124816895,-0.2414717823266983,0.3007752001285553,0.9819653630256653
-847.1714704445529,-45.556617736816406,31.49102783203125,9.867912292480469,-0.22627140581607819,0.2902912199497223,0.9786536693572998
-846.1358085002443,-45.78319549560547,31.786296844482422,10.879639625549316,-0.21132123470306396,0.2799343168735504,0.97508305311203
-845.1001465559355,-45.99441909790039,32.07090759277344,11.887539863586426,-0.19661732017993927,0.2697036564350128,0.9712660312652588
-844.0644846116268,-46.19053649902344,32.34498596191406,12.891365051269531,-0.18215559422969818,0.25959834456443787,0.9672143459320068
-843.028822667318,-46.371803283691406,32.60866165161133,13.890876770019531,-0.16793192923069,0.24961726367473602,0.9629392027854919
-841.9931607230093,-46.53845977783203,32.862064361572266,14.88585090637207,-0.15394218266010284,0.23975923657417297,0.9584511518478394
-840.9574987787005,-46.69074630737305,33.105323791503906,15.876070022583008,-0.14018215239048004,0.23002293705940247,0.9537602066993713
-839.9218368343918,-46.82889938354492,33.338558197021484,16.861330032348633,-0.12664766609668732,0.22040700912475586,0.9488757848739624
-838.886174890083,-46.95315170288086,33.56189727783203,17.841434478759766,-0.113334521651268,0.21091000735759735,0.9438068270683289
-837.8505129457743,-47.06372833251953,33.77546310424805,18.816198348999023,-0.10023856908082962,0.20153038203716278,0.9385618567466736
-836.8148510014655,-47.160850524902344,33.979373931884766,19.785442352294922,-0.08735565096139908,0.19226662814617157,0.9331488013267517
-835.7791890571568,-47.24474334716797,34.17374801635742,20.74899673461914,-0.07468166947364807,0.1831171065568924,0.9275752902030945
-834.743527112848,-47.31561279296875,34.358707427978516,21.70669937133789,-0.06221257895231247,0.17408019304275513,0.921848475933075
-833.7078651685393,-47.37367248535156,34.53436279296875,22.65839385986328,-0.04994436353445053,0.16515426337718964,0.9159750938415527
-832.6722032242305,-47.419132232666016,34.70083236694336,23.603931427001953,-0.037873074412345886,0.15633763372898102,0.9099615812301636
-831.6365412799219,-47.452186584472656,34.85822677612305,24.54317283630371,-0.02599482610821724,0.14762862026691437,0.9038139581680298
-830.6008793356131,-47.47304153442383,35.006656646728516,25.47597885131836,-0.014305799268186092,0.13902555406093597,0.8975379467010498
-829.5652173913044,-47.48188400268555,35.1462287902832,26.4022216796875,-0.0028022397309541702,0.13052673637866974,0.8911389708518982
-828.5295554469956,-47.47890853881836,35.27705383300781,27.321775436401367,0.008519534021615982,0.12213051319122314,0.8846221566200256
-827.4938935026869,-47.464298248291016,35.399234771728516,28.234521865844727,0.01966312900185585,0.11383519321680069,0.8779923915863037
-826.4582315583781,-47.43824005126953,35.51287841796875,29.140344619750977,0.030632078647613525,0.10563912987709045,0.8712541460990906
-825.4225696140694,-47.400909423828125,35.618080139160156,30.039134979248047,0.04142984375357628,0.09754066169261932,0.8644117712974548
-824.3869076697606,-47.352481842041016,35.71495056152344,30.9307861328125,0.05205979943275452,0.08953816443681717,0.857469379901886
-823.3512457254518,-47.29313278198242,35.8035774230957,31.81519889831543,0.06252525746822357,0.08163002878427505,0.8504308462142944
-822.3155837811431,-47.223026275634766,35.884063720703125,32.6922721862793,0.07282943278551102,0.07381465286016464,0.8432997465133667
-821.2799218368343,-47.142333984375,35.95650100708008,33.56191635131836,0.08297548443078995,0.06609047204256058,0.8360795974731445
-820.2442598925256,-47.051212310791016,36.02098846435547,34.424034118652344,0.0929664820432663,0.058455940335989,0.8287736177444458
-819.2085979482168,-46.94982147216797,36.077613830566406,35.27854537963867,0.10280542075634003,0.05090952292084694,0.8213849067687988
-818.1729360039081,-46.838321685791016,36.126468658447266,36.125362396240234,0.11249522864818573,0.04344972223043442,0.8139163851737976
-817.1372740595993,-46.71685791015625,36.167640686035156,36.96440124511719,0.12203874439001083,0.03607506304979324,0.806370735168457
-816.1016121152907,-46.58558654785156,36.20122146606445,37.795589447021484,0.131438747048378,0.028784101828932762,0.7987505793571472
-815.0659501709819,-46.44465637207031,36.227291107177734,38.61885070800781,0.1406979262828827,0.021575409919023514,0.791058361530304
-814.0302882266732,-46.29420471191406,36.24593734741211,39.434104919433594,0.14981892704963684,0.014447594992816448,0.7832963466644287
-812.9946262823644,-46.13438034057617,36.25724411010742,40.24128723144531,0.1588042825460434,0.007399289403110743,0.7754667401313782
-811.9589643380557,-45.96531677246094,36.26129150390625,41.04032516479492,0.16765649616718292,0.00042915265657939017,0.7675715684890747
-810.9233023937469,-45.78715133666992,36.25815963745117,41.831153869628906,0.17637799680233002,-0.0064641269855201244,0.7596127986907959
-809.8876404494382,-45.60002517700195,36.247928619384766,42.61370849609375,0.18497110903263092,-0.013281835243105888,0.751592218875885
-808.8519785051294,-45.40406036376953,36.230674743652344,43.38792419433594,0.19343812763690948,-0.02002522721886635,0.7435115575790405
-807.8163165608207,-45.19939422607422,36.20647430419922,44.15373992919922,0.2017812877893448,-0.026695534586906433,0.7353723049163818
-806.7806546165119,-44.986148834228516,36.1754035949707,44.91109848022461,0.21000275015830994,-0.033293962478637695,0.7271761298179626
-805.7449926722032,-44.76445007324219,36.137535095214844,45.65993881225586,0.21810460090637207,-0.03982168063521385,0.718924343585968
-804.7093307278944,-44.534423828125,36.09294509887695,46.40020751953125,0.22608888149261475,-0.04627984017133713,0.7106183171272278
-803.6736687835858,-44.29618453979492,36.04169845581055,47.13184356689453,0.23395755887031555,-0.05266955494880676,0.7022592425346375
-802.638006839277,-44.04985809326172,35.98387145996094,47.85479736328125,0.2417125552892685,-0.058991920202970505,0.6938483119010925
-801.6023448949683,-43.79555892944336,35.91952896118164,48.56901168823242,0.2493557184934616,-0.06524800509214401,0.685386598110199
-800.5666829506595,-43.53340148925781,35.8487434387207,49.274436950683594,0.25688886642456055,-0.07143884897232056,0.6768751740455627
-799.5310210063508,-43.26349639892578,35.77157974243164,49.97102355957031,0.2643137574195862,-0.07756546884775162,0.6683149337768555
-798.495359062042,-42.985958099365234,35.68810272216797,50.65871810913086,0.2716320753097534,-0.08362884819507599,0.659706711769104
-797.4596971177333,-42.70089340209961,35.5983772277832,51.33747100830078,0.2788454592227936,-0.08962995558977127,0.65105140209198
-796.4240351734245,-42.40841293334961,35.502471923828125,52.007240295410156,0.285955548286438,-0.09556973725557327,0.6423497200012207
-795.3883732291158,-42.10862350463867,35.40044403076172,52.66796875,0.29296380281448364,-0.10144909471273422,0.6336023807525635
-794.352711284807,-41.80162811279297,35.2923583984375,53.319618225097656,0.2998718023300171,-0.10726893693208694,0.624809980392456
-793.3170493404982,-41.487525939941406,35.17827606201172,53.962135314941406,0.30668094754219055,-0.11303012073040009,0.615973174571991
-792.2813873961895,-41.16642379760742,35.058258056640625,54.595481872558594,0.31339266896247864,-0.1187334880232811,0.6070923805236816
-791.2457254518807,-40.83842468261719,34.9323616027832,55.2196044921875,0.3200083076953888,-0.12437987327575684,0.5981681942939758
-790.210063507572,-40.50362014770508,34.80064392089844,55.83446502685547,0.3265291452407837,-0.12997005879878998,0.589201033115387
-789.1744015632632,-40.162109375,34.663169860839844,56.44001770019531,0.332956463098526,-0.1355048269033432,0.5801912546157837
-788.1387396189546,-39.81399154663086,34.519989013671875,57.03621292114258,0.339291512966156,-0.1409849226474762,0.5711392164230347
-787.1030776746458,-39.45935821533203,34.37116241455078,57.623016357421875,0.3455354571342468,-0.14641109108924866,0.5620452761650085
-786.0674157303371,-39.098304748535156,34.21674346923828,58.20037841796875,0.3516893982887268,-0.1517840474843979,0.5529096126556396
-785.0317537860283,-38.730926513671875,34.05678939819336,58.76825714111328,0.3577544689178467,-0.15710444748401642,0.5437325239181519
-783.9960918417196,-38.3573112487793,33.89134979248047,59.32661056518555,0.36373171210289,-0.16237299144268036,0.5345141887664795
-782.9604298974108,-37.9775505065918,33.72047805786133,59.87539291381836,0.3696221709251404,-0.16759029030799866,0.5252547264099121
-781.9247679531021,-37.59173583984375,33.54423141479492,60.41456604003906,0.3754267692565918,-0.17275701463222504,0.515954315662384
-780.8891060087933,-37.199951171875,33.3626594543457,60.944087982177734,0.38114649057388306,-0.17787373065948486,0.50661301612854
-779.8534440644846,-36.802284240722656,33.17581558227539,61.46391296386719,0.3867822289466858,-0.1829410344362259,0.4972308874130249
-778.8177821201758,-36.398826599121094,32.98374557495117,61.9739990234375,0.39233484864234924,-0.18795950710773468,0.487807959318161
-777.7821201758671,-35.989662170410156,32.78650665283203,62.474308013916016,0.3978051543235779,-0.19292967021465302,0.478344202041626
-776.7464582315583,-35.57487106323242,32.584144592285156,62.96479034423828,0.40319395065307617,-0.19785206019878387,0.4688396155834198
-775.7107962872497,-35.154544830322266,32.376708984375,63.445411682128906,0.4085020124912262,-0.20272719860076904,0.45929408073425293
-774.6751343429409,-34.728759765625,32.16424560546875,63.9161262512207,0.41373002529144287,-0.20755554735660553,0.449707567691803
-773.6394723986322,-34.297603607177734,31.946807861328125,64.37688446044922,0.4188787043094635,-0.21233759820461273,0.440079927444458
-772.6038104543234,-33.86115264892578,31.724441528320312,64.8276596069336,0.4239487051963806,-0.21707379817962646,0.4304109811782837
-771.5681485100147,-33.41949462890625,31.4971923828125,65.26839447021484,0.42894065380096436,-0.22176456451416016,0.4207006096839905
-770.5324865657059,-32.97270202636719,31.26511001586914,65.69905090332031,0.4338551163673401,-0.22641032934188843,0.41094860434532166
-769.4968246213972,-32.52086639404297,31.028240203857422,66.11959075927734,0.4386926293373108,-0.23101146519184113,0.4011547267436981
-768.4611626770884,-32.064056396484375,30.786624908447266,66.52996063232422,0.44345375895500183,-0.23556837439537048,0.39131873846054077
-767.4255007327797,-31.602354049682617,30.540315628051758,66.93012237548828,0.448138952255249,-0.24008139967918396,0.3814403712749481
-766.3898387884709,-31.135839462280273,30.28935432434082,67.32003021240234,0.4527486562728882,-0.244550883769989,0.3715193271636963
-765.3541768441621,-30.66459083557129,30.03378677368164,67.69964599609375,0.4572833180427551,-0.24897713959217072,0.361555278301239
-764.3185148998534,-30.188684463500977,29.773656845092773,68.06891632080078,0.4617433249950409,-0.2533605098724365,0.3515479266643524
-763.2828529555446,-29.70819664001465,29.509010314941406,68.42779541015625,0.46612903475761414,-0.25770121812820435,0.34149691462516785
-762.2471910112359,-29.22320556640625,29.23988914489746,68.77625274658203,0.47044074535369873,-0.26199957728385925,0.3314018249511719
-761.2115290669271,-28.733787536621094,28.966339111328125,69.11422729492188,0.47467878460884094,-0.26625585556030273,0.32126227021217346
-760.1758671226185,-28.24001693725586,28.688400268554688,69.4416732788086,0.4788433909416199,-0.2704702317714691,0.3110778033733368
-759.1402051783097,-27.741971969604492,28.40612030029297,69.75855255126953,0.4829348027706146,-0.2746429443359375,0.3008480370044708
-758.104543234001,-27.239727020263672,28.11954116821289,70.06481170654297,0.4869532287120819,-0.2787742018699646,0.29057249426841736
-757.0688812896922,-26.733360290527344,27.828702926635742,70.36040496826172,0.4908987879753113,-0.28286418318748474,0.2802506685256958
-756.0332193453835,-26.222942352294922,27.53365135192871,70.6452865600586,0.49477168917655945,-0.2869130074977875,0.26988208293914795
-754.9975574010747,-25.70855140686035,27.23442840576172,70.91940307617188,0.4985719323158264,-0.2909208834171295,0.25946617126464844
-753.961895456766,-25.190263748168945,26.931074142456055,71.18270874023438,0.5022996664047241,-0.29488784074783325,0.24900245666503906
-752.9262335124572,-24.66815185546875,26.623634338378906,71.43515014648438,0.505954921245575,-0.2988140881061554,0.23849032819271088
-751.8905715681485,-24.142292022705078,26.31214714050293,71.67668151855469,0.5095376372337341,-0.30269962549209595,0.2279292494058609
-750.8549096238397,-23.612760543823242,25.996658325195312,71.9072494506836,0.5130478739738464,-0.30654454231262207,0.2173185795545578
-749.819247679531,-23.07962989807129,25.677209854125977,72.12680053710938,0.5164854526519775,-0.31034889817237854,0.20665773749351501
-748.7835857352222,-22.54297637939453,25.353839874267578,72.33528900146484,0.5198503732681274,-0.31411269307136536,0.1959460824728012
-747.7479237909135,-22.00287628173828,25.026594161987305,72.53265380859375,0.523142397403717,-0.3178359866142273,0.18518294394016266
-746.7122618466047,-21.45940399169922,24.695512771606445,72.71884155273438,0.5263615250587463,-0.3215186893939972,0.17436766624450684
-745.6765999022961,-20.912635803222656,24.360637664794922,72.89380645751953,0.5295073390007019,-0.32516083121299744,0.16349956393241882
-744.6409379579873,-20.362648010253906,24.02201271057129,73.05747985839844,0.532579779624939,-0.32876232266426086,0.15257790684700012
-743.6052760136786,-19.80951690673828,23.67967987060547,73.20982360839844,0.5355784893035889,-0.3323230743408203,0.14160199463367462
-742.5696140693698,-19.25331687927246,23.33367919921875,73.35076904296875,0.5385031700134277,-0.335843026638031,0.13057106733322144
-741.5339521250611,-18.694128036499023,22.984054565429688,73.48026275634766,0.5413534045219421,-0.3393220007419586,0.11948437988758087
-740.4982901807523,-18.13202476501465,22.630847930908203,73.59823608398438,0.544128954410553,-0.342759907245636,0.10834113508462906
-739.4626282364436,-17.56708526611328,22.27410125732422,73.70465087890625,0.5468292236328125,-0.3461565673351288,0.09714053571224213
-738.4269662921348,-16.9993896484375,21.91385841369629,73.79943084716797,0.549453854560852,-0.3495117723941803,0.0858817771077156
-737.3913043478261,-16.429014205932617,21.55016326904297,73.88251495361328,0.5520023107528687,-0.3528253138065338,0.07456402480602264
-736.3556424035173,-15.856040954589844,21.18305778503418,73.953857421875,0.5544739961624146,-0.35609695315361023,0.06318642199039459
-735.3199804592085,-15.280546188354492,20.812585830688477,74.01337432861328,0.5568684339523315,-0.35932642221450806,0.05174810439348221
-734.2843185148998,-14.70261287689209,20.438791275024414,74.06101989746094,0.5591848492622375,-0.3625134229660034,0.040248189121484756
-733.248656570591,-14.122321128845215,20.061717987060547,74.09672546386719,0.5614226460456848,-0.36565765738487244,0.02868577092885971
-732.2129946262824,-13.539752006530762,19.68140983581543,74.12041473388672,0.5635810494422913,-0.3687587380409241,0.017059925943613052
-731.1773326819736,-12.954989433288574,19.297914505004883,74.13203430175781,0.5656592845916748,-0.37181633710861206,0.005369721446186304
-730.1416707376649,-12.36811637878418,18.911273956298828,74.13151550292969,0.5676565766334534,-0.374830037355423,-0.0063858008943498135
-729.1060087933561,-11.779217720031738,18.521535873413086,74.11878967285156,0.5695720314979553,-0.3777993619441986,-0.0182076096534729
-728.0703468490474,-11.188377380371094,18.12874412536621,74.09378051757812,0.5714046955108643,-0.3807239234447479,-0.030096696689724922
-727.0346849047386,-10.595682144165039,17.732948303222656,74.0564193725586,0.5731536746025085,-0.38360312581062317,-0.04205406457185745
-725.9990229604299,-10.001219749450684,17.33419418334961,74.00664520263672,0.5748178362846375,-0.3864365220069885,-0.05408073216676712
-724.9633610161211,-9.405077934265137,16.93252944946289,73.94438171386719,0.5763961672782898,-0.38922351598739624,-0.06617774069309235
-723.9276990718124,-8.80734634399414,16.52800178527832,73.86954498291016,0.5778874754905701,-0.39196348190307617,-0.0783461406826973
-722.8920371275036,-8.20811653137207,16.120662689208984,73.78207397460938,0.5792906284332275,-0.39465582370758057,-0.09058699756860733
-721.8563751831949,-7.607479095458984,15.710558891296387,73.681884765625,0.5806042551994324,-0.3972998261451721,-0.1029013991355896
-720.8207132388861,-7.005527973175049,15.29774284362793,73.56890869140625,0.5818271636962891,-0.3998948037624359,-0.11529044061899185
-719.7850512945774,-6.402358055114746,14.882264137268066,73.44305419921875,0.5829578042030334,-0.40244001150131226,-0.12775523960590363
-718.7493893502686,-5.798065662384033,14.464176177978516,73.30426025390625,0.5839948654174805,-0.4049345850944519,-0.14029692113399506
-717.71372740596,-5.192748546600342,14.04353141784668,73.15242767333984,0.5849367380142212,-0.4073777496814728,-0.15291662514209747
-716.6780654616512,-4.586505889892578,13.620383262634277,72.98748779296875,0.5857818722724915,-0.40976858139038086,-0.1656154841184616
-715.6424035173425,-3.979438304901123,13.194786071777344,72.80935668945312,0.5865285396575928,-0.41210615634918213,-0.17839469015598297
-714.6067415730337,-3.3716495037078857,12.766796112060547,72.61795043945312,0.5871750116348267,-0.4143894612789154,-0.19125540554523468
-713.571079628725,-2.7632439136505127,12.336470603942871,72.41317749023438,0.5877194404602051,-0.4166175127029419,-0.20419880747795105
-712.5354176844162,-2.1543281078338623,11.903865814208984,72.19496154785156,0.5881599187850952,-0.4187891483306885,-0.2172260880470276
-711.4997557401075,-1.5450108051300049,11.46904182434082,71.96320343017578,0.5884944200515747,-0.4209032952785492,-0.230338454246521
-710.4640937957987,-0.9354028701782227,11.032059669494629,71.71781921386719,0.5887209177017212,-0.42295870184898376,-0.24353711307048798
-709.42843185149,-0.325617253780365,10.592978477478027,71.45872497558594,0.588837206363678,-0.4249541163444519,-0.25682327151298523
-708.3927699071812,0.28423070907592773,10.151863098144531,71.18582916259766,0.5888409614562988,-0.42688819766044617,-0.27019816637039185
-707.3571079628725,0.8940232992172241,9.708776473999023,70.89903259277344,0.5887298583984375,-0.4287595748901367,-0.28366297483444214
-706.3214460185637,1.5036401748657227,9.263785362243652,70.59823608398438,0.5885013341903687,-0.4305667579174042,-0.2972189486026764
-705.2857840742549,2.1129586696624756,8.816956520080566,70.28336334228516,0.5881528854370117,-0.43230825662612915,-0.3108672797679901
-704.2501221299462,2.7218527793884277,8.36835765838623,69.95429992675781,0.5876817107200623,-0.43398240208625793,-0.3246091902256012
-703.2144601856374,3.3301944732666016,7.91806173324585,69.61095428466797,0.5870851278305054,-0.4355875551700592,-0.33844587206840515
-702.1787982413288,3.937851905822754,7.466139793395996,69.25323486328125,0.5863600373268127,-0.4371219575405121,-0.3523785471916199
-701.14313629702,4.5446906089782715,7.012665748596191,68.88103485107422,0.5855034589767456,-0.43858370184898376,-0.3664083480834961
-700.1074743527113,5.150572776794434,6.557716369628906,68.49425506591797,0.5845122337341309,-0.43997088074684143,-0.3805364966392517
-699.0718124084025,5.755357265472412,6.101369857788086,68.09278869628906,0.5833829045295715,-0.4412814676761627,-0.3947640657424927
-698.0361504640938,6.358899116516113,5.643706798553467,67.67652893066406,0.5821121335029602,-0.44251328706741333,-0.4090922176837921
-697.000488519785,6.961050033569336,5.184809684753418,67.2453842163086,0.580696165561676,-0.44366416335105896,-0.42352205514907837
-695.9648265754763,7.561657428741455,4.7247633934021,66.79924774169922,0.5791313052177429,-0.444731742143631,-0.4380545914173126
-694.9291646311675,8.160565376281738,4.263655662536621,66.33799743652344,0.5774136185646057,-0.4457135498523712,-0.45269086956977844
-693.8935026868588,8.757614135742188,3.801576614379883,65.86154174804688,0.5755389332771301,-0.4466070532798767,-0.46743184328079224
-692.85784074255,9.35263729095459,3.3386192321777344,65.36975860595703,0.5735030174255371,-0.4474095404148102,-0.482278436422348
-691.8221787982413,9.945466995239258,2.8748788833618164,64.862548828125,0.5713014602661133,-0.4481182098388672,-0.49723148345947266
-690.7865168539325,10.535928726196289,2.410454511642456,64.33979797363281,0.5689295530319214,-0.44873011112213135,-0.5122918486595154
-689.7508549096239,11.123844146728516,1.9454480409622192,63.801387786865234,0.5663825273513794,-0.44924214482307434,-0.5274601578712463
-688.715192965315,11.709028244018555,1.479964256286621,63.247215270996094,0.5636553168296814,-0.4496511220932007,-0.5427370667457581
-687.6795310210064,12.291293144226074,1.0141117572784424,62.67716598510742,0.5607426166534424,-0.4499536156654358,-0.5581231713294983
-686.6438690766976,12.870442390441895,0.5480026006698608,62.09112548828125,0.5576390624046326,-0.4501461386680603,-0.5736188292503357
-685.6082071323889,13.44627571105957,0.08175258338451385,61.48897933959961,0.5543389320373535,-0.45022493600845337,-0.5892243385314941
-684.5725451880801,14.018588066101074,-0.38451847434043884,60.87061309814453,0.5508362650871277,-0.450186163187027,-0.6049399375915527
-683.5368832437714,14.587164878845215,-0.85068678855896,60.23591613769531,0.547124981880188,-0.450025737285614,-0.6207656264305115
-682.5012212994626,15.151786804199219,-1.3166240453720093,59.58477020263672,0.5431985855102539,-0.4497394263744354,-0.6367012858390808
-681.4655593551539,15.712227821350098,-1.7821978330612183,58.91706085205078,0.5390505194664001,-0.44932278990745544,-0.6527465581893921
-680.4298974108451,16.26825523376465,-2.2472705841064453,58.23268127441406,0.5346737504005432,-0.4487711489200592,-0.6689009666442871
-679.3942354665364,16.819629669189453,-2.711699962615967,57.53151321411133,0.5300610661506653,-0.4480796754360199,-0.6851637959480286
-678.3585735222276,17.366100311279297,-3.1753387451171875,56.813446044921875,0.5252050161361694,-0.44724327325820923,-0.7015339732170105
-677.3229115779188,17.907411575317383,-3.638033866882324,56.078372955322266,0.5200977921485901,-0.4462566077709198,-0.7180103659629822
-676.2872496336101,18.443302154541016,-4.0996270179748535,55.32617950439453,0.5147312879562378,-0.4451141059398651,-0.7345913648605347
-675.2515876893013,18.973495483398438,-4.559953212738037,54.556758880615234,0.509097158908844,-0.44380998611450195,-0.7512751817703247
-674.2159257449927,19.497711181640625,-5.018843173980713,53.77001190185547,0.5031865835189819,-0.44233816862106323,-0.768059492111206
-673.1802638006839,20.01565933227539,-5.476119041442871,52.96582794189453,0.4969906508922577,-0.44069233536720276,-0.7849417924880981
-672.1446018563752,20.52703857421875,-5.9315972328186035,52.144107818603516,0.490499883890152,-0.4388658106327057,-0.8019189834594727
-671.1089399120664,21.031538009643555,-6.385087490081787,51.30475997924805,0.4837046265602112,-0.43685173988342285,-0.8189875483512878
-670.0732779677577,21.528839111328125,-6.836391448974609,50.447689056396484,0.47659483551979065,-0.43464288115501404,-0.8361435532569885
-669.0376160234489,22.01860809326172,-7.285304069519043,49.57280731201172,0.46916016936302185,-0.43223175406455994,-0.853382408618927
-668.0019540791402,22.500505447387695,-7.7316107749938965,48.680030822753906,0.4613898694515228,-0.42961055040359497,-0.8706989288330078
-666.9662921348314,22.97417640686035,-8.175090789794922,47.769283294677734,0.45327290892601013,-0.4267711043357849,-0.8880872130393982
-665.9306301905227,23.43925666809082,-8.615513801574707,46.840492248535156,0.44479790329933167,-0.42370498180389404,-0.9055408239364624
-664.8949682462139,23.895368576049805,-9.052639961242676,45.89359664916992,0.43595317006111145,-0.4204034209251404,-0.9230523705482483
-663.8593063019052,24.342124938964844,-9.486221313476562,44.92853546142578,0.42672672867774963,-0.4168572425842285,-0.9406136274337769
-662.8236443575964,24.77912139892578,-9.915998458862305,43.94526672363281,0.4171062111854553,-0.4130570888519287,-0.9582155346870422
-661.7879824132878,25.20594596862793,-10.341705322265625,42.94375228881836,0.4070790708065033,-0.408993124961853,-0.9758478999137878
-660.752320468979,25.622169494628906,-10.7630615234375,41.9239616394043,0.39663249254226685,-0.4046553075313568,-0.9934995770454407
-659.7166585246703,26.02735137939453,-11.179779052734375,40.885887145996094,0.38575342297554016,-0.40003323554992676,-1.0111582279205322
-658.6809965803615,26.421035766601562,-11.591558456420898,39.82952880859375,0.3744286298751831,-0.3951161503791809,-1.0288101434707642
-657.6453346360528,26.80275535583496,-11.998086929321289,38.75489807128906,0.3626447916030884,-0.38989314436912537,-1.0464404821395874
-656.609672691744,27.172027587890625,-12.399044036865234,37.662025451660156,0.3503884971141815,-0.3843529522418976,-1.0640326738357544
-655.5740107474353,27.528356552124023,-12.794093132019043,36.550960540771484,0.3376462757587433,-0.3784841001033783,-1.0815688371658325
-654.5383488031265,27.871231079101562,-13.182888984680176,35.42177200317383,0.3244048058986664,-0.37227490544319153,-1.099029302597046
-653.5026868588178,28.20012664794922,-13.565073013305664,34.2745475769043,0.31065088510513306,-0.36571359634399414,-1.1163926124572754
-652.467024914509,28.514507293701172,-13.940275192260742,33.10940170288086,0.29637160897254944,-0.3587881922721863,-1.1336355209350586
-651.4313629702003,28.813823699951172,-14.308110237121582,31.926471710205078,0.28155437111854553,-0.35148680210113525,-1.1507327556610107
-650.3957010258915,29.09750747680664,-14.668184280395508,30.725921630859375,0.2661871910095215,-0.3437974750995636,-1.1676570177078247
-649.3600390815828,29.364988327026367,-15.020088195800781,29.507946014404297,0.2502587139606476,-0.33570846915245056,-1.184378743171692
-648.324377137274,29.615678787231445,-15.3634033203125,28.272769927978516,0.23375840485095978,-0.32720819115638733,-1.2008661031723022
-647.2887151929652,29.84897804260254,-15.697696685791016,27.02065658569336,0.21667678654193878,-0.31828540563583374,-1.2170851230621338
-646.2530532486566,30.064281463623047,-16.022525787353516,25.75189781188965,0.199005588889122,-0.30892935395240784,-1.2329990863800049
-645.2173913043478,30.260976791381836,-16.33743667602539,24.466835021972656,0.18073804676532745,-0.2991299331188202,-1.248569130897522
-644.1817293600391,30.43844223022461,-16.641963958740234,23.16584014892578,0.161869078874588,-0.2888776957988739,-1.2637536525726318
-643.1460674157303,30.596052169799805,-16.935636520385742,21.849340438842773,0.14239558577537537,-0.27816423773765564,-1.2785087823867798
-642.1104054714216,30.733179092407227,-17.21796989440918,20.517799377441406,0.12231674045324326,-0.2669822573661804,-1.2927881479263306
-641.0747435271128,30.849201202392578,-17.488479614257812,19.171737670898438,0.10163426399230957,-0.2553257644176483,-1.3065428733825684
-640.0390815828041,30.943490982055664,-17.746667861938477,17.811723709106445,0.08035275340080261,-0.2431904375553131,-1.3197221755981445
-639.0034196384953,31.015432357788086,-17.99203872680664,16.438383102416992,0.05847999453544617,-0.2305736541748047,-1.3322728872299194
-637.9677576941866,31.064420700073242,-18.22409439086914,15.052391052246094,0.03602725267410278,-0.21747489273548126,-1.3441404104232788
-636.9320957498778,31.089862823486328,-18.442333221435547,13.654487609863281,0.013009615242481232,-0.20389589667320251,-1.3552683591842651
-635.8964338055691,31.0911808013916,-18.646265029907227,12.245467185974121,-0.010553725063800812,-0.18984097242355347,-1.3655991554260254
-634.8607718612603,31.067821502685547,-18.83539390563965,10.826184272766113,-0.03463920205831528,-0.17531722784042358,-1.3750747442245483
-633.8251099169516,31.01926040649414,-19.009244918823242,9.397557258605957,-0.0592186376452446,-0.1603347659111023,-1.3836368322372437
-632.7894479726428,30.94500160217285,-19.16734504699707,7.960560321807861,-0.084259033203125,-0.1449069380760193,-1.3912272453308105
-631.7537860283342,30.844587326049805,-19.309246063232422,6.51623010635376,-0.10972245782613754,-0.12905050814151764,-1.3977891206741333
-630.7181240840254,30.717599868774414,-19.434511184692383,5.06566047668457,-0.13556593656539917,-0.11278582364320755,-1.4032667875289917
-629.6824621397167,30.563671112060547,-19.542728424072266,3.6100027561187744,-0.1617414653301239,-0.09613694250583649,-1.4076063632965088
-628.6468001954079,30.382484436035156,-19.63351821899414,2.150463104248047,-0.18819588422775269,-0.07913178950548172,-1.4107542037963867
-627.6111382510992,30.17378044128418,-19.706523895263672,0.6883096694946289,-0.2148701250553131,-0.06180280074477196,-1.412634015083313
-626.5754763067904,29.93737030029297,-19.761436462402344,-0.7749015688896179,-0.24167698621749878,-0.04420170933008194,-1.4125580787658691
-625.5398143624817,29.673198699951172,-19.79802131652832,-2.236915349960327,-0.26846009492874146,-0.0264274962246418,-1.4105509519577026
-624.5041524181729,29.381343841552734,-19.816137313842773,-3.6961426734924316,-0.2951269745826721,-0.008539123460650444,-1.4071866273880005
-623.4684904738642,29.061960220336914,-19.81568717956543,-5.151195049285889,-0.3216046988964081,0.009416108950972557,-1.402490496635437
-622.4328285295554,28.71528434753418,-19.796627044677734,-6.600698471069336,-0.3478219509124756,0.02739076316356659,-1.3964735269546509
-621.3971665852467,28.341623306274414,-19.758960723876953,-8.043292999267578,-0.3737088143825531,0.04533722996711731,-1.3891509771347046
-620.3615046409379,27.94135093688965,-19.702743530273438,-9.47763729095459,-0.39919763803482056,0.06320815533399582,-1.3805458545684814
-619.3258426966293,27.514915466308594,-19.62807846069336,-10.90241813659668,-0.42422348260879517,0.08095697313547134,-1.3706879615783691
-618.2901807523205,27.062828063964844,-19.535114288330078,-12.316356658935547,-0.4487251043319702,0.09853842109441757,-1.3596141338348389
-617.2545188080117,26.585660934448242,-19.42404556274414,-13.71821403503418,-0.4726453721523285,0.11590903252363205,-1.347367763519287
-616.218856863703,26.08404541015625,-19.295116424560547,-15.106802940368652,-0.4959319829940796,0.133027583360672,-1.3339980840682983
-615.1831949193942,25.55866050720215,-19.148603439331055,-16.480987548828125,-0.518537700176239,0.14985547959804535,-1.3195595741271973
-614.1475329750855,25.010234832763672,-18.98482894897461,-17.839689254760742,-0.5404207706451416,0.16635705530643463,-1.3041105270385742
-613.1118710307767,24.43953514099121,-18.804147720336914,-19.181894302368164,-0.5615452527999878,0.18249990046024323,-1.2877131700515747
-612.076209086468,23.84736442565918,-18.60694694519043,-20.506654739379883,-0.5818808078765869,0.19825494289398193,-1.2704321146011353
-611.0405471421592,23.23455238342285,-18.393640518188477,-21.81308937072754,-0.601402997970581,0.2135966569185257,-1.2523337602615356
-610.0048851978505,22.601951599121094,-18.164669036865234,-23.100385665893555,-0.6200928092002869,0.22850298881530762,-1.233485460281372
-608.9692232535417,21.95043182373047,-17.920494079589844,-24.367801666259766,-0.6379369497299194,0.24295547604560852,-1.2139548063278198
-607.933561309233,21.280872344970703,-17.661592483520508,-25.614667892456055,-0.6549270749092102,0.2569390535354614,-1.193808913230896
-606.8978993649242,20.594161987304688,-17.388456344604492,-26.840377807617188,-0.671059787273407,0.2704419791698456,-1.1731135845184326
-605.8622374206155,19.891185760498047,-17.101587295532227,-28.044397354125977,-0.686336100101471,0.2834556996822357,-1.1519333124160767
-604.8265754763067,19.17283058166504,-16.801498413085938,-29.226259231567383,-0.7007611989974976,0.29597458243370056,-1.1303300857543945
-603.7909135319981,18.439973831176758,-16.48870086669922,-30.38555145263672,-0.714343786239624,0.3079957365989685,-1.1083638668060303
-602.7552515876893,17.6934814453125,-16.163711547851562,-31.52193260192871,-0.7270958423614502,0.3195188045501709,-1.08609139919281
-601.7195896433806,16.9342041015625,-15.827044486999512,-32.63511276245117,-0.7390321493148804,0.3305456340312958,-1.0635665655136108
-600.6839276990718,16.162981033325195,-15.47921371459961,-33.724853515625,-0.7501698136329651,0.3410801291465759,-1.0408401489257812
-599.6482657547631,15.380629539489746,-15.120725631713867,-34.790977478027344,-0.7605280876159668,0.3511279821395874,-1.017959713935852
-598.6126038104543,14.587943077087402,-14.752079963684082,-35.83333969116211,-0.7701277136802673,0.36069634556770325,-0.9949694275856018
-597.5769418661456,13.785698890686035,-14.37376880645752,-36.85185623168945,-0.7789908051490784,0.3697938024997711,-0.9719101786613464
-596.5412799218368,12.974647521972656,-13.986276626586914,-37.84646987915039,-0.7871403694152832,0.37842994928359985,-0.9488196969032288
-595.5056179775281,12.15551471710205,-13.590073585510254,-38.817169189453125,-0.794600248336792,0.3866153359413147,-0.9257325530052185
-594.4699560332193,11.329002380371094,-13.185622215270996,-39.763973236083984,-0.8013946413993835,0.3943612277507782,-0.9026801586151123
-593.4342940889106,10.49578857421875,-12.773371696472168,-40.68693542480469,-0.8075479865074158,0.40167951583862305,-0.8796912431716919
-592.3986321446018,9.656521797180176,-12.353757858276367,-41.58613204956055,-0.8130847811698914,0.4085823893547058,-0.8567915558815002
-591.3629702002931,8.811830520629883,-11.927204132080078,-42.461666107177734,-0.8180294632911682,0.41508248448371887,-0.834004282951355
-590.3273082559843,7.962314605712891,-11.494121551513672,-43.31367111206055,-0.822405993938446,0.4211924970149994,-0.8113502264022827
-589.2916463116757,7.10854959487915,-11.05490779876709,-44.14228820800781,-0.8262381553649902,0.42692527174949646,-0.788847804069519
-588.2559843673669,6.251087665557861,-10.609947204589844,-44.947689056396484,-0.8295491337776184,0.4322935938835144,-0.7665133476257324
-587.2203224230581,5.390456676483154,-10.1596097946167,-45.73004913330078,-0.83236163854599,0.43731021881103516,-0.7443612217903137
-586.1846604787494,4.527161598205566,-9.704253196716309,-46.489566802978516,-0.8346976637840271,0.44198769330978394,-0.7224038243293762
-585.1489985344406,3.661684513092041,-9.244222640991211,-47.2264518737793,-0.8365784883499146,0.4463384449481964,-0.700652003288269
-584.1133365901319,2.7944862842559814,-8.779850006103516,-47.94091796875,-0.838024914264679,0.450374573469162,-0.6791149973869324
-583.0776746458231,1.926006555557251,-8.311455726623535,-48.63319396972656,-0.839056670665741,0.45410796999931335,-0.6578007340431213
-582.0420127015144,1.0566645860671997,-7.839345932006836,-49.30351638793945,-0.8396930694580078,0.45755019783973694,-0.6367157101631165
-581.0063507572056,0.18686044216156006,-7.3638176918029785,-49.95212173461914,-0.8399524092674255,0.4607124924659729,-0.6158653497695923
-579.9706888128969,-0.6830247640609741,-6.8851542472839355,-50.579254150390625,-0.8398523926734924,0.46360573172569275,-0.5952540040016174
-578.9350268685881,-1.552627682685852,-6.403629302978516,-51.1851692199707,-0.8394098877906799,0.46624046564102173,-0.5748851299285889
-577.8993649242794,-2.4216020107269287,-5.919504642486572,-51.77011489868164,-0.8386410474777222,0.46862685680389404,-0.5547612309455872
-576.8637029799706,-3.2896177768707275,-5.433033466339111,-52.33434295654297,-0.837561309337616,0.47077476978302,-0.5348840355873108
-575.828041035662,-4.156360626220703,-4.944457054138184,-52.878116607666016,-0.8361853361129761,0.4726935923099518,-0.5152546763420105
-574.7923790913532,-5.021531105041504,-4.454007625579834,-53.40169143676758,-0.8345272541046143,0.47439247369766235,-0.4958736300468445
-573.7567171470445,-5.884843826293945,-3.961909294128418,-53.90531921386719,-0.8326003551483154,0.47588014602661133,-0.4767408072948456
-572.7210552027357,-6.74602746963501,-3.4683759212493896,-54.389259338378906,-0.8304173946380615,0.4771649241447449,-0.4578556716442108
-571.685393258427,-7.604823112487793,-2.9736135005950928,-54.8537712097168,-0.8279904127120972,0.47825491428375244,-0.4392171800136566
-570.6497313141182,-8.460983276367188,-2.4778196811676025,-55.29910659790039,-0.8253309726715088,0.47915777564048767,-0.4208240211009979
-569.6140693698095,-9.314273834228516,-1.981184482574463,-55.72551727294922,-0.8224498629570007,0.4798809289932251,-0.40267449617385864
-568.5784074255007,-10.164470672607422,-1.483890414237976,-56.13325881958008,-0.8193576335906982,0.48043134808540344,-0.3847666084766388
-567.542745481192,-11.011359214782715,-0.9861128330230713,-56.52257537841797,-0.8160639405250549,0.4808158576488495,-0.3670981228351593
-566.5070835368832,-11.854737281799316,-0.4880201518535614,-56.89371871948242,-0.8125782012939453,0.4810408353805542,-0.3496665954589844
-565.4714215925745,-12.694409370422363,0.0102256303653121,-57.24692916870117,-0.8089092969894409,0.4811125099658966,-0.3324694037437439
-564.4357596482657,-13.530190467834473,0.508468747138977,-57.58245086669922,-0.8050656318664551,0.4810367226600647,-0.3155037760734558
-563.400097703957,-14.361903190612793,1.0065594911575317,-57.90052032470703,-0.8010550737380981,0.48081907629966736,-0.29876676201820374
-562.3644357596482,-15.189379692077637,1.504353642463684,-58.20137023925781,-0.7968851923942566,0.48046496510505676,-0.2822553813457489
-561.3287738153396,-16.01245880126953,2.0017127990722656,-58.48523712158203,-0.7925631999969482,0.4799794852733612,-0.2659665048122406
-560.2931118710308,-16.830984115600586,2.4985032081604004,-58.752349853515625,-0.7880958318710327,0.47936752438545227,-0.24989695847034454
-559.257449926722,-17.644811630249023,2.994596242904663,-59.0029296875,-0.7834895253181458,0.47863373160362244,-0.23404349386692047
-558.2217879824133,-18.453800201416016,3.4898681640625,-59.23720169067383,-0.7787503004074097,0.47778254747390747,-0.21840286254882812
-557.1861260381045,-19.2578125,3.9841995239257812,-59.455387115478516,-0.7738839983940125,0.4768182039260864,-0.20297174155712128
-556.1504640937958,-20.05672264099121,4.477475166320801,-59.65769577026367,-0.7688960433006287,0.47574475407600403,-0.1877468377351761
-555.114802149487,-20.850404739379883,4.9695844650268555,-59.84434127807617,-0.7637915015220642,0.4745660424232483,-0.17272482812404633
-554.0791402051783,-21.638742446899414,5.46042013168335,-60.015533447265625,-0.758575439453125,0.4732857048511505,-0.15790240466594696
-553.0434782608695,-22.42162322998047,5.949878692626953,-60.17147445678711,-0.7532523274421692,0.47190728783607483,-0.14327624440193176
-552.0078163165608,-23.198936462402344,6.437860012054443,-60.31237030029297,-0.7478265762329102,0.4704340696334839,-0.12884311378002167
-550.972154372252,-23.970579147338867,6.9242682456970215,-60.43841552734375,-0.742302417755127,0.46886926889419556,-0.11459971219301224
-549.9364924279433,-24.736452102661133,7.40900993347168,-60.549808502197266,-0.7366836667060852,0.467215895652771,-0.1005428358912468
-548.9008304836345,-25.4964599609375,7.891993999481201,-60.64673614501953,-0.7309741377830505,0.4654768407344818,-0.08666929602622986
-547.8651685393259,-26.250507354736328,8.37313461303711,-60.72938919067383,-0.7251772880554199,0.4636548161506653,-0.07297593355178833
-546.829506595017,-26.998506546020508,8.85234546661377,-60.79795455932617,-0.7192964553833008,0.4617525041103363,-0.05945965647697449
-545.7938446507084,-27.740375518798828,9.329546928405762,-60.85261154174805,-0.7133347392082214,0.45977234840393066,-0.0461173877120018
-544.7581827063996,-28.476028442382812,9.804656982421875,-60.89353561401367,-0.7072951793670654,0.4577167332172394,-0.03294611722230911
-543.7225207620909,-29.205387115478516,10.27760124206543,-60.9209098815918,-0.7011805772781372,0.4555879235267639,-0.019942879676818848
-542.6868588177821,-29.928375244140625,10.748302459716797,-60.93490219116211,-0.6949935555458069,0.4533880949020386,-0.007104765623807907
-541.6511968734734,-30.64491844177246,11.216691017150879,-60.93568420410156,-0.6887366771697998,0.4511192739009857,0.005571088753640652
-540.6155349291646,-31.354948043823242,11.682694435119629,-60.92341995239258,-0.6824122667312622,0.44878342747688293,0.018087487667798996
-539.5798729848559,-32.05839538574219,12.146244049072266,-60.89827346801758,-0.6760225892066956,0.44638240337371826,0.030447185039520264
-538.5442110405471,-32.75518798828125,12.607275009155273,-60.86040496826172,-0.6695697903633118,0.44391798973083496,0.04265287145972252
-537.5085490962384,-33.44526672363281,13.065720558166504,-60.809974670410156,-0.6630558371543884,0.44139188528060913,0.05470719188451767
-536.4728871519296,-34.128570556640625,13.521519660949707,-60.74713897705078,-0.6564826369285583,0.43880563974380493,0.06661272794008255
-535.4372252076209,-34.80503463745117,13.974609375,-60.67205047607422,-0.64985191822052,0.4361608624458313,0.07837200909852982
-534.4015632633121,-35.474605560302734,14.42492961883545,-60.58485794067383,-0.6431654691696167,0.43345892429351807,0.08998750150203705
-533.3659013190035,-36.13722229003906,14.87242317199707,-60.4857063293457,-0.6364247798919678,0.43070125579833984,0.10146162658929825
-532.3302393746947,-36.79282760620117,15.317032814025879,-60.3747444152832,-0.6296313405036926,0.4278891384601593,0.11279674619436264
-531.294577430386,-37.441375732421875,15.758702278137207,-60.252113342285156,-0.6227866411209106,0.4250238239765167,0.12399515509605408
-530.2589154860772,-38.08280563354492,16.197376251220703,-60.117958068847656,-0.6158918738365173,0.42210653424263,0.13505910336971283
-529.2232535417684,-38.71706771850586,16.63300323486328,-59.972408294677734,-0.6089484095573425,0.4191383421421051,0.14599080383777618
-528.1875915974597,-39.3441162109375,17.06553077697754,-59.815608978271484,-0.6019573211669922,0.41612038016319275,0.15679237246513367
-527.1519296531509,-39.96390151977539,17.49490737915039,-59.64768600463867,-0.594919741153717,0.41305357217788696,0.16746589541435242
-526.1162677088422,-40.57637405395508,17.92108154296875,-59.468772888183594,-0.5878366231918335,0.4099389612674713,0.17801342904567719
-525.0806057645334,-41.181488037109375,18.34400749206543,-59.27900314331055,-0.5807090401649475,0.40677741169929504,0.18843695521354675
-524.0449438202247,-41.77919387817383,18.763633728027344,-59.0785026550293,-0.5735377669334412,0.4035697877407074,0.19873838126659393
-523.0092818759159,-42.36945343017578,19.179916381835938,-58.867393493652344,-0.5663237571716309,0.40031692385673523,0.20891959965229034
-521.9736199316072,-42.95222091674805,19.592803955078125,-58.64580535888672,-0.5590676665306091,0.39701956510543823,0.21898244321346283
-520.9379579872984,-43.52745056152344,20.002256393432617,-58.41385269165039,-0.5517703294754028,0.3936784267425537,0.22892870008945465
-519.9022960429897,-44.09510040283203,20.408226013183594,-58.17165756225586,-0.5444322824478149,0.39029425382614136,0.2387600839138031
-518.866634098681,-44.65513229370117,20.810667037963867,-57.919342041015625,-0.5370542407035828,0.3868676424026489,0.24847827851772308
-517.8309721543723,-45.20750045776367,21.20953941345215,-57.65701675415039,-0.529636800289154,0.38339921832084656,0.2580849528312683
-516.7953102100635,-45.752166748046875,21.60479736328125,-57.38479995727539,-0.5221803784370422,0.37988951802253723,0.26758167147636414
-515.7596482657548,-46.289093017578125,21.996400833129883,-57.102806091308594,-0.5146855711936951,0.3763391375541687,0.2769699692726135
-514.723986321446,-46.8182373046875,22.38430404663086,-56.81114196777344,-0.5071527361869812,0.3727485239505768,0.28625133633613586
-513.6883243771373,-47.33955764770508,22.768468856811523,-56.50992202758789,-0.4995822608470917,0.36911818385124207,0.2954272925853729
-512.6526624328285,-47.85301971435547,23.148855209350586,-56.19925308227539,-0.4919745624065399,0.3654485046863556,0.30449917912483215
-511.61700048851975,-48.358585357666016,23.525419235229492,-55.879241943359375,-0.4843299388885498,0.36173996329307556,0.3134683668613434
-510.581338544211,-48.8562126159668,23.898120880126953,-55.549991607666016,-0.4766486585140228,0.35799285769462585,0.32233622670173645
-509.54567659990227,-49.345863342285156,24.266923904418945,-55.211612701416016,-0.4689309895038605,0.3542075753211975,0.331104040145874
-508.5100146555935,-49.82750701904297,24.631786346435547,-54.86420440673828,-0.46117711067199707,0.3503844439983368,0.3397729992866516
-507.4743527112848,-50.30109786987305,24.9926700592041,-54.50786590576172,-0.45338723063468933,0.3465237319469452,0.3483443558216095
-506.43869076697604,-50.766605377197266,25.349536895751953,-54.142704010009766,-0.4455615282058716,0.3426257371902466,0.3568192422389984
-505.4030288226673,-51.2239875793457,25.702346801757812,-53.76881408691406,-0.4377000629901886,0.3386906385421753,0.3651988208293915
-504.36736687835855,-51.67321014404297,26.051061630249023,-53.38629150390625,-0.42980295419692993,0.3347187042236328,0.3734841048717499
-503.3317049340498,-52.11423873901367,26.395645141601562,-52.9952392578125,-0.42187029123306274,0.33071011304855347,0.38167622685432434
-502.29604298974107,-52.547027587890625,26.73605728149414,-52.59574890136719,-0.41390207409858704,0.3266650140285492,0.3897761106491089
-501.2603810454323,-52.97154998779297,27.0722599029541,-52.18791961669922,-0.4058983027935028,0.3225835859775543,0.3977847695350647
-500.2247191011236,-53.38776397705078,27.404218673706055,-51.7718391418457,-0.39785900712013245,0.318465918302536,0.4057031571865082
-499.18905715681484,-53.795631408691406,27.73189353942871,-51.34760665893555,-0.3897840976715088,0.3143121004104614,0.4135321080684662
-498.1533952125061,-54.19512176513672,28.055248260498047,-50.91530990600586,-0.38167354464530945,0.3101222813129425,0.42127251625061035
-497.11773326819736,-54.58618927001953,28.374244689941406,-50.47504425048828,-0.3735272288322449,0.30589643120765686,0.42892521619796753
-496.0820713238886,-54.96880340576172,28.688846588134766,-50.02689743041992,-0.3653450608253479,0.30163463950157166,0.4364909529685974
-495.04640937957987,-55.342926025390625,28.99901580810547,-49.570960998535156,-0.3571268916130066,0.2973369359970093,0.4439705014228821
-494.0107474352711,-55.70851516723633,29.304716110229492,-49.107322692871094,-0.348872572183609,0.29300329089164734,0.45136457681655884
-492.9750854909624,-56.0655403137207,29.605907440185547,-48.63606643676758,-0.34058189392089844,0.28863367438316345,0.4586738646030426
-491.93942354665364,-56.41395950317383,29.902557373046875,-48.15728759765625,-0.33225470781326294,0.2842280864715576,0.4658989906311035
-490.9037616023449,-56.75373458862305,30.194623947143555,-47.67107009887695,-0.323890745639801,0.27978646755218506,0.4730405807495117
-489.86809965803616,-57.08483123779297,30.482072830200195,-47.17749786376953,-0.315489798784256,0.2753086984157562,0.48009923100471497
-488.8324377137274,-57.407203674316406,30.76486587524414,-46.67665481567383,-0.3070515990257263,0.27079471945762634,0.48707541823387146
-487.7967757694187,-57.720821380615234,31.042964935302734,-46.16863250732422,-0.29857584834098816,0.26624444127082825,0.49396970868110657
-486.76111382510993,-58.025638580322266,31.31633186340332,-45.65351104736328,-0.29006227850914,0.2616576850414276,0.5007825493812561
-485.72545188080113,-58.32162094116211,31.584928512573242,-45.131378173828125,-0.28151053190231323,0.2570343315601349,0.5075143575668335
-484.6897899364924,-58.608726501464844,31.84872055053711,-44.60231399536133,-0.27292031049728394,0.25237420201301575,0.5141655802726746
-483.65412799218365,-58.88691329956055,32.107666015625,-44.066402435302734,-0.26429125666618347,0.24767714738845825,0.5207365155220032
-482.6184660478749,-59.15614318847656,32.36172866821289,-43.52372741699219,-0.2556229829788208,0.2429429441690445,0.5272275805473328
-481.58280410356616,-59.416378021240234,32.61086654663086,-42.974369049072266,-0.2469150871038437,0.23817141354084015,0.5336390733718872
-480.5471421592574,-59.667572021484375,32.855045318603516,-42.41841506958008,-0.2381671816110611,0.23336228728294373,0.5399711728096008
-479.5114802149487,-59.90968322753906,33.09422302246094,-41.85594177246094,-0.2293788492679596,0.22851534187793732,0.5462241768836975
-478.47581827063993,-60.14267349243164,33.32836151123047,-41.28703308105469,-0.22054964303970337,0.22363032400608063,0.5523982644081116
-477.4401563263312,-60.36650085449219,33.55741882324219,-40.71177291870117,-0.2116791009902954,0.2187069207429886,0.5584935545921326
-476.40449438202245,-60.58111572265625,33.7813606262207,-40.13024139404297,-0.20276673138141632,0.2137448787689209,0.5645102262496948
-475.3688324377137,-60.78647994995117,34.00014114379883,-39.542518615722656,-0.1938120722770691,0.2087438702583313,0.5704483389854431
-474.33317049340496,-60.982547760009766,34.213722229003906,-38.94868469238281,-0.18481458723545074,0.20370356738567352,0.5763079524040222
-473.2975085490962,-61.16927719116211,34.422061920166016,-38.34882354736328,-0.1757737696170807,0.1986236274242401,0.5820890665054321
-472.2618466047875,-61.34661865234375,34.6251220703125,-37.74301528930664,-0.16668906807899475,0.19350369274616241,0.5877916812896729
-471.22618466047874,-61.514530181884766,34.82285690307617,-37.131343841552734,-0.15755993127822876,0.18834339082241058,0.5934156775474548
-470.19052271617,-61.6729621887207,35.015228271484375,-36.51388931274414,-0.14838577806949615,0.18314231932163239,0.5989609956741333
-469.15486077186125,-61.821868896484375,35.20219039916992,-35.89072799682617,-0.13916601240634918,0.17790009081363678,0.6044274568557739
-468.1191988275525,-61.961204528808594,35.38370132446289,-35.2619514465332,-0.12990005314350128,0.17261627316474915,0.6098149418830872
-467.08353688324377,-62.09091567993164,35.55971908569336,-34.62763214111328,-0.12058724462985992,0.16729043424129486,0.6151232123374939
-466.047874938935,-62.210960388183594,35.730201721191406,-33.987857818603516,-0.11122696846723557,0.16192209720611572,0.6203519701957703
-465.0122129946263,-62.3212890625,35.89509963989258,-33.34271240234375,-0.10181856900453568,0.15651081502437592,0.6255009174346924
-463.97655105031754,-62.421844482421875,36.05437088012695,-32.6922721862793,-0.09236136823892593,0.15105606615543365,0.6305696964263916
-462.9408891060088,-62.51258087158203,36.207969665527344,-32.036624908447266,-0.08285468071699142,0.14555737376213074,0.6355579495429993
-461.90522716170005,-62.59344482421875,36.35585021972656,-31.375852584838867,-0.07329780608415604,0.14001420140266418,0.640465259552002
-460.8695652173913,-62.66438674926758,36.49797058105469,-30.710041046142578,-0.06369002163410187,0.13442601263523102,0.6452910900115967
-459.83390327308257,-62.72534942626953,36.63427734375,-30.039274215698242,-0.05403060466051102,0.12879225611686707,0.6500349044799805
-458.7982413287738,-62.776283264160156,36.76472473144531,-29.363637924194336,-0.0443187914788723,0.12311234325170517,0.6546961665153503
-457.7625793844651,-62.81713104248047,36.88926696777344,-28.683216094970703,-0.03455381840467453,0.11738569289445877,0.6592742204666138
-456.72691744015634,-62.847835540771484,37.007850646972656,-27.99809455871582,-0.02473490871489048,0.11161168664693832,0.6637684106826782
-455.69125549584754,-62.86834716796875,37.12043380737305,-27.308364868164062,-0.01486126147210598,0.10578970611095428,0.6681780219078064
-454.6555935515388,-62.87860107421875,37.226959228515625,-26.614110946655273,-0.004932064097374678,0.09991910308599472,0.6725022196769714
-453.61993160723006,-62.878543853759766,37.3273811340332,-25.915424346923828,0.0050535122863948345,0.09399920701980591,0.6767401695251465
-452.5842696629213,-62.86811447143555,37.42164611816406,-25.21239471435547,0.015096311457455158,0.08802933990955353,0.6808909773826599
-451.5486077186126,-62.847251892089844,37.509700775146484,-24.505109786987305,0.025197193026542664,0.08200880885124207,0.6849537491798401
-450.51294577430383,-62.81590270996094,37.591495513916016,-23.793663024902344,0.0353570319712162,0.07593688368797302,0.688927412033081
-449.4772838299951,-62.77399444580078,37.66697311401367,-23.078149795532227,0.04557672142982483,0.0698128268122673,0.6928108930587769
-448.44162188568635,-62.72147750854492,37.736080169677734,-22.358659744262695,0.05585716292262077,0.06363589316606522,0.6966030597686768
-447.4059599413776,-62.65827560424805,37.798763275146484,-21.635290145874023,0.06619928032159805,0.05740528926253319,0.7003026604652405
-446.37029799706886,-62.58433532714844,37.85496520996094,-20.908138275146484,0.07660400122404099,0.05112023279070854,0.7039085030555725
-445.3346360527601,-62.49958419799805,37.904632568359375,-20.17730140686035,0.08707227557897568,0.04477989673614502,0.7074191570281982
-444.2989741084514,-62.40395736694336,37.94770050048828,-19.4428768157959,0.09760507196187973,0.03838345408439636,0.7108332514762878
-443.26331216414263,-62.29738998413086,37.98411560058594,-18.70496940612793,0.10820336639881134,0.031930044293403625,0.7141492366790771
-442.2276502198339,-62.1798095703125,38.013816833496094,-17.96367645263672,0.1188681423664093,0.02541879005730152,0.717365562915802
-441.19198827552515,-62.051151275634766,38.036746978759766,-17.219106674194336,0.1296004056930542,0.018848799169063568,0.7204805612564087
-440.1563263312164,-61.91134262084961,38.05284118652344,-16.471364974975586,0.14040116965770721,0.01221915427595377,0.7234925031661987
-439.12066438690766,-61.760311126708984,38.062034606933594,-15.720556259155273,0.15127146244049072,0.005528916139155626,0.7263995409011841
-438.0850024425989,-61.597984313964844,38.06427001953125,-14.966792106628418,0.1622123271226883,-0.0012228721752762794,0.7291997075080872
-437.0493404982902,-61.424293518066406,38.05948257446289,-14.210185050964355,0.1732248067855835,-0.008037189953029156,0.7318910360336304
-436.01367855398144,-61.23915481567383,38.04759979248047,-13.450847625732422,0.1843099594116211,-0.014915036968886852,0.734471321105957
-434.9780166096727,-61.04249954223633,38.028564453125,-12.688896179199219,0.19546884298324585,-0.021857433021068573,0.7369384765625
-433.94235466536395,-60.834251403808594,38.00230407714844,-11.92444896697998,0.2067025601863861,-0.028865419328212738,0.7392899990081787
-432.9066927210552,-60.61432647705078,37.968753814697266,-11.157628059387207,0.21801216900348663,-0.035940058529376984,0.7415235638618469
-431.87103077674647,-60.38264846801758,37.92783737182617,-10.388555526733398,0.22939875721931458,-0.043082430958747864,0.7436364889144897
-430.8353688324377,-60.13914108276367,37.87948989868164,-9.617358207702637,0.24086342751979828,-0.05029363930225372,0.7456262111663818
-429.799706888129,-59.88371658325195,37.823638916015625,-8.844165802001953,0.2524072527885437,-0.057574812322854996,0.747489869594574
-428.76404494382024,-59.616294860839844,37.76021194458008,-8.069108963012695,0.2640313506126404,-0.06492708623409271,0.7492244243621826
-427.7283829995115,-59.336795806884766,37.68912887573242,-7.292324542999268,0.27573680877685547,-0.0723516196012497,0.750826895236969
-426.6927210552027,-59.045127868652344,37.610321044921875,-6.513949871063232,0.2875247299671173,-0.07984960824251175,0.7522940039634705
-425.65705911089395,-58.741207122802734,37.52370834350586,-5.734127998352051,0.29939618706703186,-0.08742222934961319,0.75362229347229
-424.6213971665852,-58.424949645996094,37.42921447753906,-4.953003406524658,0.3113522231578827,-0.0950707197189331,0.7548083066940308
-423.58573522227647,-58.09626770019531,37.326759338378906,-4.1707258224487305,0.32339397072792053,-0.10279630124568939,0.7558481097221375
-422.5500732779677,-57.75506591796875,37.21626281738281,-3.387448787689209,0.3355224132537842,-0.11060021817684174,0.7567378282546997
-421.514411333659,-57.40126037597656,37.0976448059082,-2.60332989692688,0.3477386236190796,-0.11848372966051102,0.7574731111526489
-420.47874938935024,-57.034759521484375,36.97081756591797,-1.8185317516326904,0.36004355549812317,-0.12644809484481812,0.758048951625824
-419.4430874450415,-56.65546417236328,36.83570098876953,-1.0332224369049072,0.3724381625652313,-0.1344945728778839,0.7584584951400757
-418.40742550073276,-56.26328659057617,36.69220733642578,-0.24758131802082062,0.38492313027381897,-0.14262430369853973,0.7586839199066162
-417.371763556424,-55.858131408691406,36.54024887084961,0.538156270980835,0.3974977135658264,-0.15083745121955872,0.7586237788200378
-416.33610161211527,-55.439910888671875,36.37974548339844,1.3236911296844482,0.41015928983688354,-0.15913307666778564,0.7583141922950745
-415.30043966780653,-55.00852966308594,36.21060562133789,2.1088035106658936,0.42290759086608887,-0.1675117015838623,0.7578092813491821
-414.2647777234978,-54.563899993896484,36.032745361328125,2.8932924270629883,0.43574291467666626,-0.17597432434558868,0.7571099996566772
-413.22911577918904,-54.105934143066406,35.84607696533203,3.676954984664917,0.4486655592918396,-0.18452195823192596,0.7562121748924255
-412.1934538348803,-53.63454055786133,35.6505126953125,4.459582328796387,0.46167585253715515,-0.19315561652183533,0.7551104426383972
-411.15779189057156,-53.14962387084961,35.44595718383789,5.240960597991943,0.47477391362190247,-0.20187629759311676,0.7537989020347595
-410.1221299462628,-52.651100158691406,35.232330322265625,6.020869255065918,0.4879598617553711,-0.21068497002124786,0.7522709965705872
-409.0864680019541,-52.13887023925781,35.0095329284668,6.799080848693848,0.501233696937561,-0.21958260238170624,0.7505202889442444
-408.05080605764533,-51.612850189208984,34.77747344970703,7.5753607749938965,0.5145952105522156,-0.22857005894184113,0.7485396265983582
-407.0151441133366,-51.07294845581055,34.53605651855469,8.349467277526855,0.5280441045761108,-0.23764820396900177,0.7463217377662659
-405.97948216902785,-50.51906967163086,34.285194396972656,9.121150016784668,0.5415799617767334,-0.24681782722473145,0.743859052658081
-404.9438202247191,-49.95112991333008,34.024784088134766,9.890152931213379,0.5552021861076355,-0.25607964396476746,0.7411435842514038
-403.90815828041036,-49.36903762817383,33.754737854003906,10.656208038330078,0.5689099431037903,-0.2654343545436859,0.7381671071052551
-402.8724963361016,-48.772705078125,33.474952697753906,11.419042587280273,0.5827021598815918,-0.2748824656009674,0.7349209189414978
-401.8368343917929,-48.162044525146484,33.185333251953125,12.17837142944336,0.5965777039527893,-0.28442445397377014,0.7313960194587708
-400.80117244748413,-47.53697204589844,32.88578414916992,12.9339017868042,0.6105350255966187,-0.29406073689460754,0.727583110332489
-399.7655105031754,-46.89739990234375,32.57620620727539,13.685328483581543,0.6245723962783813,-0.30379149317741394,0.7234723567962646
-398.72984855886665,-46.24325180053711,32.256500244140625,14.432340621948242,0.6386876702308655,-0.31361687183380127,0.7190537452697754
-397.6941866145579,-45.57444381713867,31.926572799682617,15.174612045288086,0.6528786420822144,-0.32353678345680237,0.7143166065216064
-396.6585246702491,-44.89090347290039,31.586320877075195,15.911808013916016,0.667142391204834,-0.3335510194301605,0.7092501521110535
-395.62286272594037,-44.19255447387695,31.235647201538086,16.64358139038086,0.6814759373664856,-0.3436591625213623,0.7038428783416748
-394.5872007816316,-43.47932434082031,30.87445831298828,17.36957359313965,0.6958757042884827,-0.3538605868816376,0.6980831027030945
-393.5515388373229,-42.75114822387695,30.502655029296875,18.08941078186035,0.7103376984596252,-0.3641544282436371,0.6919585466384888
-392.51587689301414,-42.007965087890625,30.120145797729492,18.80271339416504,0.7248574495315552,-0.3745395541191101,0.6854565739631653
-391.4802149487054,-41.24971389770508,29.726831436157227,19.509078979492188,0.7394298911094666,-0.3850145637989044,0.6785640716552734
-390.44455300439665,-40.476348876953125,29.32262420654297,20.208099365234375,0.7540494799613953,-0.39557772874832153,0.671267569065094
-389.4088910600879,-39.68782043457031,28.907432556152344,20.89934730529785,0.7687098979949951,-0.4062269628047943,0.6635530591011047
-388.37322911577917,-38.884090423583984,28.481168746948242,21.58238410949707,0.7834042906761169,-0.4169597923755646,0.65540611743927
-387.3375671714704,-38.065128326416016,28.043746948242188,22.256752014160156,0.7981249690055847,-0.4277733266353607,0.6468120217323303
-386.3019052271617,-37.23090744018555,27.59508514404297,22.921981811523438,0.8128634691238403,-0.4386642277240753,0.6377554535865784
-385.26624328285294,-36.38142013549805,27.13510513305664,23.577585220336914,0.827610433101654,-0.449628621339798,0.6282209753990173
-384.2305813385442,-35.516658782958984,26.663734436035156,24.223058700561523,0.8423556089401245,-0.4606620967388153,0.6181924939155579
-383.19491939423546,-34.636634826660156,26.1809024810791,24.857885360717773,0.8570878505706787,-0.4717596471309662,0.6076539158821106
-382.1592574499267,-33.741363525390625,25.686546325683594,25.481525421142578,0.8717947602272034,-0.48291561007499695,0.5965885519981384
-381.12359550561797,-32.83087921142578,25.18061065673828,26.093425750732422,0.8864629864692688,-0.4941236078739166,0.5849797129631042
-380.0879335613092,-31.905227661132812,24.663042068481445,26.69301414489746,0.9010778069496155,-0.5053764581680298,0.5728105306625366
-379.0522716170005,-30.9644775390625,24.133798599243164,27.27970314025879,0.9156233072280884,-0.5166662931442261,0.5600640177726746
-378.01660967269174,-30.008705139160156,23.59284782409668,27.85288429260254,0.9300822019577026,-0.5279841423034668,0.5467230677604675
-376.980947728383,-29.03801155090332,23.0401668548584,28.41193199157715,0.944435715675354,-0.5393202900886536,0.5327709317207336
-375.94528578407426,-28.05251693725586,22.475738525390625,28.956207275390625,0.9586636424064636,-0.5506638288497925,0.518190860748291
-374.9096238397655,-27.05236053466797,21.899564743041992,29.48505210876465,0.9727441072463989,-0.5620028972625732,0.502966582775116
-373.8739618954568,-26.037708282470703,21.311655044555664,29.997787475585938,0.9866536259651184,-0.57332444190979,0.48708221316337585
-372.83829995114803,-25.00874900817871,20.7120361328125,30.493722915649414,1.0003669261932373,-0.5846141576766968,0.4705227017402649
-371.8026380068393,-23.965700149536133,20.100746154785156,30.972152709960938,1.0138572454452515,-0.5958565473556519,0.4532737731933594
-370.76697606253055,-22.908809661865234,19.477846145629883,31.432357788085938,1.0270955562591553,-0.6070346832275391,0.43532219529151917
-369.7313141182218,-21.838350296020508,18.843408584594727,31.873600006103516,1.0400513410568237,-0.6181303262710571,0.41665613651275635
-368.69565217391306,-20.754634857177734,18.197532653808594,32.295135498046875,1.0526922941207886,-0.6291238069534302,0.39726534485816956
-367.65999022960426,-19.658004760742188,17.540332794189453,32.69621276855469,1.0649839639663696,-0.6399940252304077,0.3771413564682007
-366.6243282852955,-18.54884147644043,16.8719482421875,33.07606506347656,1.076890468597412,-0.6507184505462646,0.35627785325050354
-365.5886663409868,-17.427560806274414,16.192543029785156,33.433921813964844,1.0883740186691284,-0.6612729430198669,0.3346710801124573
-364.55300439667803,-16.29462432861328,15.502305030822754,33.769020080566406,1.0993952751159668,-0.6716321110725403,0.31231996417045593
-363.5173424523693,-15.150531768798828,14.801451683044434,34.08058166503906,1.1099134683609009,-0.6817690134048462,0.28922662138938904
-362.48168050806055,-13.99582290649414,14.090227127075195,34.36784744262695,1.1198866367340088,-0.6916555762290955,0.26539668440818787
-361.4460185637518,-12.831087112426758,13.368906021118164,34.63005447387695,1.1292715072631836,-0.7012622952461243,0.24083955585956573
-360.41035661944306,-11.656953811645508,12.637792587280273,34.866455078125,1.1380244493484497,-0.7105587124824524,0.21556882560253143
-359.3746946751343,-10.474102973937988,11.897226333618164,35.076324462890625,1.1461012363433838,-0.719513475894928,0.1896025687456131
-358.3390327308256,-9.283256530761719,11.147576332092285,35.25895309448242,1.1534574031829834,-0.7280944585800171,0.1629636585712433
-357.30337078651684,-8.085183143615723,10.389246940612793,35.41365432739258,1.1600492000579834,-0.7362690567970276,0.1356799602508545
-356.2677088422081,-6.880697250366211,9.622675895690918,35.53977966308594,1.1658334732055664,-0.7440046072006226,0.10778458416461945
-355.23204689789935,-5.670657634735107,8.848335266113281,35.63671112060547,1.1707686185836792,-0.7512684464454651,0.07931596040725708
-354.1963849535906,-4.455963134765625,8.066729545593262,35.70388412475586,1.1748148202896118,-0.7580284476280212,0.05031795799732208
-353.16072300928187,-3.2375550270080566,7.278398036956787,35.74077224731445,1.177935004234314,-0.7642533779144287,0.020839789882302284
-352.1250610649731,-2.0164098739624023,6.483908653259277,35.74690246582031,1.1800949573516846,-0.7699132561683655,-0.009064076468348503
-351.0893991206644,-0.7935382723808289,5.683863162994385,35.72187042236328,1.1812641620635986,-0.7749797701835632,-0.03933417797088623
-350.05373717635564,0.43001964688301086,4.8788886070251465,35.66532516479492,1.1814162731170654,-0.7794266939163208,-0.06990640610456467
-349.0180752320469,1.6531990766525269,4.069640159606934,35.57699203491211,1.1805299520492554,-0.7832303047180176,-0.10071245580911636
-347.98241328773815,2.874915361404419,3.2567942142486572,35.456661224365234,1.1785887479782104,-0.7863696813583374,-0.1316804140806198
-346.9467513434294,4.0940704345703125,2.4410488605499268,35.30420684814453,1.175581932067871,-0.7888273000717163,-0.16273537278175354
-345.91108939912067,5.30955696105957,1.6231176853179932,35.11957931518555,1.1715048551559448,-0.7905889749526978,-0.19380028545856476
-344.8754274548119,6.520267009735107,0.8037269115447998,34.902809143066406,1.1663587093353271,-0.7916445136070251,-0.22479666769504547
-343.8397655105032,7.725096702575684,-0.01638839580118656,34.65400314331055,1.1601510047912598,-0.7919875383377075,-0.2556455433368683
-342.80410356619444,8.922953605651855,-0.8364889025688171,34.37336349487305,1.1528955698013306,-0.791615903377533,-0.28626832365989685
-341.7684416218857,10.112762451171875,-1.6558351516723633,34.061153411865234,1.1446123123168945,-0.7905314564704895,-0.3165876865386963
-340.73277967757696,11.29347038269043,-2.473691701889038,33.71773910522461,1.135326862335205,-0.7887403964996338,-0.3465285003185272
-339.6971177332682,12.464056015014648,-3.2893314361572266,33.343536376953125,1.125070333480835,-0.7862525582313538,-0.37601861357688904
-338.6614557889594,13.62353229522705,-4.102039813995361,32.93906021118164,1.113878846168518,-0.7830819487571716,-0.4049896001815796
-337.6257938446507,14.770951271057129,-4.9111175537109375,32.50487518310547,1.1017931699752808,-0.779245913028717,-0.4333774447441101
-336.59013190034193,15.90540885925293,-5.715887546539307,32.0416145324707,1.088857889175415,-0.774765133857727,-0.46112316846847534
-335.5544699560332,17.026052474975586,-6.515692710876465,31.549978256225586,1.0751208066940308,-0.7696631550788879,-0.48817315697669983
-334.51880801172445,18.1320743560791,-7.309903621673584,31.03070831298828,1.0606324672698975,-0.7639660239219666,-0.5144795179367065
-333.4831460674157,19.22272491455078,-8.097918510437012,30.48459815979004,1.0454453229904175,-0.7577020525932312,-0.540000319480896
-332.44748412310696,20.29730796813965,-8.879164695739746,29.912477493286133,1.0296128988265991,-0.7509011030197144,-0.5646998286247253
-331.4118221787982,21.355182647705078,-9.653103828430176,29.315216064453125,1.0131899118423462,-0.7435944080352783,-0.5885482430458069
-330.3761602344895,22.395767211914062,-10.41922664642334,28.69370460510254,0.9962306022644043,-0.7358140349388123,-0.6115216612815857
-329.34049829018073,23.41853141784668,-11.1770601272583,28.048864364624023,0.9787890315055847,-0.7275926470756531,-0.63360196352005
-328.304836345872,24.42300796508789,-11.926165580749512,27.381622314453125,0.9609184265136719,-0.7189630270004272,-0.6547765731811523
-327.26917440156325,25.408775329589844,-12.666135787963867,26.69292449951172,0.9426703453063965,-0.7099578380584717,-0.6750379204750061
-326.2335124572545,26.375469207763672,-13.396598815917969,25.98371696472168,0.9240949749946594,-0.7006092071533203,-0.6943832635879517
-325.19785051294576,27.322778701782227,-14.117217063903809,25.254947662353516,0.9052401781082153,-0.6909487247467041,-0.7128141522407532
-324.162188568637,28.25043487548828,-14.827680587768555,24.5075626373291,0.8861518502235413,-0.6810070276260376,-0.7303362488746643
-323.1265266243283,29.158220291137695,-15.527715682983398,23.742496490478516,0.8668733239173889,-0.6708136200904846,-0.7469584941864014
-322.09086468001954,30.04595947265625,-16.21707534790039,22.960674285888672,0.8474454879760742,-0.6603968143463135,-0.7626931667327881
-321.0552027357108,30.913516998291016,-16.895544052124023,22.16301155090332,0.8279065489768982,-0.6497836709022522,-0.7775551080703735
-320.01954079140205,31.76079559326172,-17.562929153442383,21.35040283203125,0.8082920908927917,-0.638999879360199,-0.7915613651275635
-318.9838788470933,32.587738037109375,-18.21906852722168,20.52372169494629,0.7886351943016052,-0.6280695796012878,-0.8047311305999756
-317.94821690278457,33.394309997558594,-18.86382293701172,19.68382453918457,0.7689661979675293,-0.6170156002044678,-0.8170849680900574
-316.9125549584758,34.180519104003906,-19.497072219848633,18.831546783447266,0.7493131160736084,-0.605859100818634,-0.8286446928977966
-315.8768930141671,34.94639587402344,-20.118724822998047,17.96769905090332,0.7297012209892273,-0.5946199893951416,-0.8394333124160767
-314.84123106985834,35.69198989868164,-20.728700637817383,17.093067169189453,0.7101538181304932,-0.5833166837692261,-0.8494742512702942
-313.8055691255496,36.417381286621094,-21.326946258544922,16.20841407775879,0.6906917095184326,-0.5719662308692932,-0.8587915301322937
-312.76990718124085,37.12267303466797,-21.91341781616211,15.314474105834961,0.6713336706161499,-0.5605841875076294,-0.8674094080924988
-311.7342452369321,37.80797576904297,-22.48809242248535,14.41196060180664,0.6520965695381165,-0.549185037612915,-0.8753522634506226
-310.69858329262337,38.47342300415039,-23.05095672607422,13.50156021118164,0.6329952478408813,-0.5377820134162903,-0.8826442956924438
-309.6629213483146,39.119163513183594,-23.602014541625977,12.583934783935547,0.6140430569648743,-0.5263870358467102,-0.8893095850944519
-308.6272594040058,39.745357513427734,-24.141281127929688,11.659720420837402,0.5952514410018921,-0.5150110721588135,-0.8953717947006226
-307.5915974596971,40.35218048095703,-24.668779373168945,10.72952938079834,0.5766306519508362,-0.5036640167236328,-0.900854229927063
-306.55593551538834,40.93981170654297,-25.184545516967773,9.793951988220215,0.5581893920898438,-0.4923548102378845,-0.9057796597480774
-305.5202735710796,41.50843811035156,-25.688621520996094,8.853550910949707,0.5399351119995117,-0.4810914993286133,-0.910170316696167
-304.48461162677086,42.058258056640625,-26.181060791015625,7.908871173858643,0.5218742489814758,-0.4698812961578369,-0.9140477776527405
-303.4489496824621,42.5894775390625,-26.66191864013672,6.960432052612305,0.5040120482444763,-0.4587306082248688,-0.917432963848114
-302.4132877381534,43.102298736572266,-27.131261825561523,6.00873327255249,0.4863528907299042,-0.4476451575756073,-0.920346200466156
-301.37762579384463,43.59694290161133,-27.589160919189453,5.054253578186035,0.46890023350715637,-0.436629980802536,-0.9228068590164185
-300.3419638495359,44.07361602783203,-28.035690307617188,4.097451210021973,0.4516568183898926,-0.42568957805633545,-0.9248337745666504
-299.30630190522714,44.53254318237305,-28.470930099487305,3.1387667655944824,0.43462467193603516,-0.41482779383659363,-0.9264446496963501
-298.2706399609184,44.97393798828125,-28.894962310791016,2.178622245788574,0.4178052246570587,-0.4040480852127075,-0.9276559352874756
-297.23497801660966,45.39802551269531,-29.307872772216797,1.2174241542816162,0.4011994004249573,-0.3933534324169159,-0.9284808039665222
-296.1993160723009,45.80502700805664,-29.709754943847656,0.25557219982147217,0.3848080635070801,-0.3827466368675232,-0.928911566734314
-295.1636541279922,46.19516372680664,-30.100698471069336,-0.7064451575279236,0.36863598227500916,-0.3722330629825592,-0.9287666082382202
-294.12799218368343,46.568668365478516,-30.480804443359375,-1.6680606603622437,0.352691113948822,-0.3618200123310089,-0.9281836748123169
-293.0923302393747,46.925777435302734,-30.85017967224121,-2.628904342651367,0.33697310090065,-0.35150930285453796,-0.9272811412811279
-292.05666829506595,47.266727447509766,-31.20892906188965,-3.5886576175689697,0.3214797377586365,-0.3413015305995941,-0.926081120967865
-291.0210063507572,47.59174346923828,-31.557161331176758,-4.547020435333252,0.3062085211277008,-0.3311969041824341,-0.9245983362197876
-289.98534440644846,47.901058197021484,-31.894981384277344,-5.503706932067871,0.2911566197872162,-0.32119545340538025,-0.9228458404541016
-288.9496824621397,48.19490051269531,-32.222496032714844,-6.458444118499756,0.2763211131095886,-0.31129691004753113,-0.9208354949951172
-287.914020517831,48.47348403930664,-32.53981399536133,-7.410970687866211,0.26169896125793457,-0.30150097608566284,-0.9185786247253418
-286.87835857352223,48.73703384399414,-32.84703826904297,-8.36103630065918,0.24728702008724213,-0.2918071150779724,-0.9160857796669006
-285.8426966292135,48.98576736450195,-33.1442756652832,-9.308403015136719,0.2330821007490158,-0.2822147309780121,-0.9133670330047607
-284.80703468490475,49.21989440917969,-33.4316291809082,-10.252840995788574,0.21908092498779297,-0.2727230489253998,-0.9104319214820862
-283.771372740596,49.43962478637695,-33.709205627441406,-11.194130897521973,0.20528022944927216,-0.2633313238620758,-0.9072895050048828
-282.73571079628726,49.645164489746094,-33.977108001708984,-12.132062911987305,0.19167666137218475,-0.25403857231140137,-0.9039484262466431
-281.7000488519785,49.83671569824219,-34.23543930053711,-13.066434860229492,0.17826691269874573,-0.24484385550022125,-0.9004166722297668
-280.6643869076698,50.01447677612305,-34.48429489135742,-13.997054100036621,0.16504766047000885,-0.2357461303472519,-0.8967021107673645
-279.628724963361,50.178646087646484,-34.723777770996094,-14.923734664916992,0.1520155817270279,-0.22674430906772614,-0.8928120136260986
-278.59306301905224,50.32941436767578,-34.95398712158203,-15.846299171447754,0.13916736841201782,-0.21783725917339325,-0.888753354549408
-277.5574010747435,50.46696853637695,-35.17502212524414,-16.76457405090332,0.12649975717067719,-0.2090238332748413,-0.884532630443573
-276.52173913043475,50.59149932861328,-35.3869743347168,-17.67839813232422,0.11400949954986572,-0.20030280947685242,-0.8801562786102295
-275.486077186126,50.703182220458984,-35.589942932128906,-18.58761215209961,0.10169338434934616,-0.19167296588420868,-0.8756300806999207
-274.45041524181727,50.80219650268555,-35.78402328491211,-19.492061614990234,0.08954823762178421,-0.1831330955028534,-0.8709596991539001
-273.4147532975085,50.88872146606445,-35.969303131103516,-20.391603469848633,0.07757093757390976,-0.17468193173408508,-0.8661505579948425
-272.3790913531998,50.962928771972656,-36.145877838134766,-21.286094665527344,0.06575840711593628,-0.16631820797920227,-0.8612076640129089
-271.34342940889104,51.024986267089844,-36.3138313293457,-22.175399780273438,0.05410761013627052,-0.15804065763950348,-0.8561358451843262
-270.3077674645823,51.07505798339844,-36.47325897216797,-23.05938720703125,0.04261556640267372,-0.14984801411628723,-0.8509396910667419
-269.27210552027356,51.11330795288086,-36.624244689941406,-23.937929153442383,0.03127935901284218,-0.14173902571201324,-0.8456234335899353
-268.2364435759648,51.13990020751953,-36.766876220703125,-24.81090545654297,0.020096110180020332,-0.13371239602565765,-0.8401913046836853
-267.20078163165607,51.15498733520508,-36.9012336730957,-25.678199768066406,0.009063011035323143,-0.12576688826084137,-0.8346471190452576
-266.1651196873473,51.158721923828125,-37.02740478515625,-26.53969383239746,-0.0018226972315460443,-0.1179012581706047,-0.828994631767273
-265.1294577430386,51.15126037597656,-37.14547348022461,-27.395278930664062,-0.012563712894916534,-0.11011423915624619,-0.8232372999191284
-264.09379579872984,51.132747650146484,-37.255516052246094,-28.244850158691406,-0.023162677884101868,-0.1024046242237091,-0.8173784017562866
-263.0581338544211,51.10333251953125,-37.35761260986328,-29.088300704956055,-0.033622175455093384,-0.09477118402719498,-0.8114212155342102
-262.02247191011236,51.06315231323242,-37.45184326171875,-29.925533294677734,-0.04394473508000374,-0.0872127115726471,-0.8053686022758484
-260.9868099658036,51.01235580444336,-37.53828430175781,-30.75644874572754,-0.054132815450429916,-0.07972802966833115,-0.7992234826087952
-259.9511480214949,50.951072692871094,-37.61701202392578,-31.580951690673828,-0.06418883055448532,-0.07231595367193222,-0.7929884791374207
-258.91548607718613,50.87944412231445,-37.6880989074707,-32.39895248413086,-0.07411513477563858,-0.06497533619403839,-0.7866661548614502
-257.8798241328774,50.79759979248047,-37.75162124633789,-33.210365295410156,-0.08391402661800385,-0.05770502984523773,-0.7802589535713196
-256.84416218856865,50.70567321777344,-37.807647705078125,-34.01509475708008,-0.0935877338051796,-0.050503920763731,-0.7737690806388855
-255.80850024425987,50.603790283203125,-37.85625457763672,-34.81306076049805,-0.10313845425844193,-0.04337089881300926,-0.7671986818313599
-254.77283829995113,50.49208068847656,-37.89750671386719,-35.604183197021484,-0.11256831139326096,-0.036304887384176254,-0.7605499029159546
-253.7371763556424,50.37066650390625,-37.93147659301758,-36.38838195800781,-0.12187936902046204,-0.02930481545627117,-0.7538245320320129
-252.70151441133365,50.23966979980469,-37.958229064941406,-37.16557312011719,-0.13107366859912872,-0.022369641810655594,-0.7470245361328125
-251.6658524670249,50.099212646484375,-37.97783279418945,-37.93568801879883,-0.14015315473079681,-0.01549833919852972,-0.7401515245437622
-250.63019052271616,49.949405670166016,-37.990352630615234,-38.69864273071289,-0.1491197645664215,-0.008689899928867817,-0.7332071661949158
-249.59452857840742,49.790374755859375,-37.995853424072266,-39.45437240600586,-0.15797534584999084,-0.0019433374982327223,-0.7261930108070374
-248.55886663409868,49.62222671508789,-37.99440002441406,-40.20280075073242,-0.16672173142433167,0.004742314573377371,-0.7191104292869568
-247.52320468978994,49.44507598876953,-37.98604965209961,-40.9438591003418,-0.17536066472530365,0.011368004605174065,-0.7119608521461487
-246.4875427454812,49.259033203125,-37.97087097167969,-41.6774787902832,-0.18389388918876648,0.017934659495949745,-0.7047455906867981
-245.45188080117245,49.064208984375,-37.94892120361328,-42.40359115600586,-0.19232305884361267,0.024443186819553375,-0.697465717792511
-244.4162188568637,48.8607063293457,-37.92026138305664,-43.122135162353516,-0.20064981281757355,0.03089447319507599,-0.6901224851608276
-243.38055691255497,48.64863204956055,-37.88494873046875,-43.833038330078125,-0.20887570083141327,0.037289392203092575,-0.6827169060707092
-242.3448949682462,48.42809295654297,-37.84304428100586,-44.53623962402344,-0.217002272605896,0.04362878575921059,-0.6752499938011169
-241.30923302393745,48.19918441772461,-37.79459762573242,-45.2316780090332,-0.2250310182571411,0.04991348832845688,-0.6677225828170776
-240.2735710796287,47.962013244628906,-37.73967361450195,-45.919288635253906,-0.23296336829662323,0.056144312024116516,-0.6601356267929077
-239.23790913531997,47.7166748046875,-37.67832565307617,-46.5990104675293,-0.24080073833465576,0.062322042882442474,-0.6524899005889893
-238.20224719101122,47.4632682800293,-37.61060333251953,-47.27078628540039,-0.24854446947574615,0.06844745576381683,-0.6447861790657043
-237.16658524670248,47.2018928527832,-37.536563873291016,-47.93455505371094,-0.25619590282440186,0.07452130317687988,-0.6370251178741455
-236.13092330239374,46.93263626098633,-37.45626449584961,-48.59025192260742,-0.26375627517700195,0.08054432272911072,-0.6292073726654053
-235.095261358085,46.65559768676758,-37.369747161865234,-49.23782730102539,-0.2712268829345703,0.08651722967624664,-0.6213334798812866
-234.05959941377625,46.37086868286133,-37.27707290649414,-49.87721633911133,-0.27860888838768005,0.09244072437286377,-0.6134040355682373
-233.0239374694675,46.07853698730469,-37.17829132080078,-50.508365631103516,-0.2859034240245819,0.09831548482179642,-0.6054195165634155
-231.98827552515877,45.7786979675293,-37.073448181152344,-51.13121795654297,-0.2931116819381714,0.10414217412471771,-0.5973803400993347
-230.95261358085003,45.471439361572266,-36.96259689331055,-51.7457160949707,-0.30023470520973206,0.10992144048213959,-0.5892869234085083
-229.91695163654128,45.15684509277344,-36.84578323364258,-52.351802825927734,-0.3072735369205475,0.11565390974283218,-0.5811395645141602
-228.88128969223254,44.83500289916992,-36.723052978515625,-52.949424743652344,-0.31422919034957886,0.12134019285440445,-0.5729386806488037
-227.84562774792377,44.50600051879883,-36.59446334838867,-53.53852844238281,-0.32110264897346497,0.12698088586330414,-0.5646844506263733
-226.80996580361503,44.169925689697266,-36.460052490234375,-54.11905288696289,-0.3278948664665222,0.13257655501365662,-0.5563771724700928
-225.7743038593063,43.82685470581055,-36.31986999511719,-54.69094467163086,-0.33460673689842224,0.13812777400016785,-0.5480170249938965
-224.73864191499754,43.476871490478516,-36.17395782470703,-55.254154205322266,-0.34123915433883667,0.14363506436347961,-0.539604127407074
-223.7029799706888,43.12006378173828,-36.022369384765625,-55.808624267578125,-0.34779292345046997,0.1490989774465561,-0.5311386585235596
-222.66731802638006,42.756507873535156,-35.865142822265625,-56.35429763793945,-0.3542688488960266,0.15451999008655548,-0.522620677947998
-221.63165608207132,42.38628387451172,-35.70232391357422,-56.89112091064453,-0.36066773533821106,0.15989862382411957,-0.5140502452850342
-220.59599413776257,42.00947570800781,-35.53395462036133,-57.419044494628906,-0.366990327835083,0.16523534059524536,-0.5054274201393127
-219.56033219345383,41.626155853271484,-35.36008071899414,-57.93800735473633,-0.3732373118400574,0.17053061723709106,-0.4967520833015442
-218.5246702491451,41.23640441894531,-35.18074417114258,-58.447959899902344,-0.3794093728065491,0.1757848858833313,-0.4880243241786957
-217.48900830483635,40.840301513671875,-34.99598693847656,-58.94884490966797,-0.38550713658332825,0.1809985637664795,-0.4792439937591553
-216.4533463605276,40.43791961669922,-34.805850982666016,-59.440608978271484,-0.3915312588214874,0.18617208302021027,-0.4704110324382782
-215.41768441621886,40.02933883666992,-34.61037826538086,-59.92320251464844,-0.397482305765152,0.19130583107471466,-0.4615252912044525
-214.38202247191012,39.61463165283203,-34.409610748291016,-60.39656066894531,-0.40336084365844727,0.19640019536018372,-0.4525865912437439
-213.34636052760135,39.19387435913086,-34.203582763671875,-60.860633850097656,-0.4091673493385315,0.20145553350448608,-0.4435947835445404
-212.3106985832926,38.76713943481445,-33.99234390258789,-61.31536865234375,-0.41490235924720764,0.20647220313549042,-0.43454959988594055
-211.27503663898386,38.33449935913086,-33.77592468261719,-61.760711669921875,-0.4205663502216339,0.21145053207874298,-0.42545086145401
-210.23937469467512,37.896034240722656,-33.55437469482422,-62.196598052978516,-0.42615970969200134,0.21639083325862885,-0.4162982702255249
-209.20371275036638,37.45180892944336,-33.32772445678711,-62.62297821044922,-0.431682825088501,0.22129341959953308,-0.40709155797958374
-208.16805080605764,37.00190353393555,-33.09601593017578,-63.039798736572266,-0.43713614344596863,0.22615857422351837,-0.3978303372859955
-207.1323888617489,36.546382904052734,-32.85928726196289,-63.44699478149414,-0.4425199627876282,0.2309865653514862,-0.38851433992385864
-206.09672691744015,36.085323333740234,-32.61758041381836,-63.84451675415039,-0.4478345811367035,0.23577766120433807,-0.3791431486606598
-205.0610649731314,35.618797302246094,-32.37092971801758,-64.23230743408203,-0.45308029651641846,0.2405320703983307,-0.3697163760662079
-204.02540302882267,35.146873474121094,-32.1193733215332,-64.61029815673828,-0.4582573473453522,0.24525004625320435,-0.3602336049079895
-202.98974108451392,34.669620513916016,-31.86294937133789,-64.97844696044922,-0.46336600184440613,0.24993178248405457,-0.3506943881511688
-201.95407914020518,34.18711471557617,-31.601696014404297,-65.33668518066406,-0.4684063792228699,0.25457748770713806,-0.34109824895858765
-200.91841719589644,33.69942092895508,-31.335649490356445,-65.68495178222656,-0.4733787178993225,0.2591872811317444,-0.33144474029541016
-199.8827552515877,33.20661544799805,-31.064847946166992,-66.023193359375,-0.4782830774784088,0.26376140117645264,-0.3217332661151886
-198.84709330727895,32.70876693725586,-30.78932762145996,-66.35134887695312,-0.4831196069717407,0.26829993724823,-0.31196334958076477
-197.81143136297018,32.2059440612793,-30.509124755859375,-66.66934967041016,-0.4878883361816406,0.27280300855636597,-0.3021344244480133
-196.77576941866144,31.69821548461914,-30.224275588989258,-66.97714233398438,-0.4925893247127533,0.27727073431015015,-0.29224586486816406
-195.7401074743527,31.185653686523438,-29.934818267822266,-67.27466583251953,-0.49722254276275635,0.28170323371887207,-0.2822970747947693
-194.70444553004396,30.6683292388916,-29.640789031982422,-67.56185150146484,-0.5017880201339722,0.2861005365848541,-0.27228742837905884
-193.6687835857352,30.146312713623047,-29.34222412109375,-67.83863830566406,-0.5062856674194336,0.2904627323150635,-0.2622162699699402
-192.63312164142647,29.619670867919922,-29.03915786743164,-68.10496520996094,-0.5107153654098511,0.2947898209095001,-0.2520829141139984
-191.59745969711773,29.088478088378906,-28.731630325317383,-68.36076354980469,-0.5150770545005798,0.29908183217048645,-0.2418866604566574
-190.56179775280899,28.55280303955078,-28.419675827026367,-68.60596466064453,-0.5193704962730408,0.30333879590034485,-0.23162676393985748
-189.52613580850024,28.012718200683594,-28.103330612182617,-68.84051513671875,-0.5235955119132996,0.30756065249443054,-0.22130247950553894
-188.4904738641915,27.468292236328125,-27.782629013061523,-69.0643310546875,-0.5277518630027771,0.31174737215042114,-0.2109130620956421
-187.45481191988276,26.91959571838379,-27.457612991333008,-69.27735900878906,-0.5318393707275391,0.31589892506599426,-0.20045767724514008
-186.41914997557402,26.366703033447266,-27.128313064575195,-69.47952270507812,-0.535857617855072,0.32001519203186035,-0.18993552029132843
-185.38348803126527,25.8096866607666,-26.794769287109375,-69.6707534790039,-0.5398063063621521,0.32409611344337463,-0.1793457418680191
-184.34782608695653,25.248613357543945,-26.45701789855957,-69.85098266601562,-0.5436850786209106,0.3281415104866028,-0.16868747770786285
-183.31216414264776,24.683561325073242,-26.115095138549805,-70.0201416015625,-0.5474935173988342,0.33215129375457764,-0.15795984864234924
-182.27650219833902,24.11460304260254,-25.7690372467041,-70.17814636230469,-0.5512310862541199,0.3361252546310425,-0.14716193079948425
-181.24084025403027,23.54180908203125,-25.418882369995117,-70.32493591308594,-0.5548973679542542,0.3400632441043854,-0.13629277050495148
-180.20517830972153,22.965255737304688,-25.064668655395508,-70.4604263305664,-0.5584918260574341,0.3439650237560272,-0.1253514438867569
-179.1695163654128,22.3850154876709,-24.706432342529297,-70.58454895019531,-0.5620138049125671,0.34783032536506653,-0.11433692276477814
-178.13385442110405,21.80116844177246,-24.34421157836914,-70.69722747802734,-0.5654627084732056,0.35165897011756897,-0.1032482236623764
-177.0981924767953,21.21378517150879,-23.978044509887695,-70.79838562011719,-0.5688378810882568,0.3554505705833435,-0.09208431094884872
-176.06253053248656,20.62294578552246,-23.60797119140625,-70.887939453125,-0.5721385478973389,0.35920488834381104,-0.08084412664175034
-175.02686858817782,20.02872657775879,-23.234027862548828,-70.96581268310547,-0.5753639936447144,0.3629215657711029,-0.06952658295631409
-173.99120664386908,19.43120765686035,-22.85625648498535,-71.03192901611328,-0.5785134434700012,0.3666001856327057,-0.05813058465719223
-172.95554469956033,18.83046531677246,-22.474693298339844,-71.08619689941406,-0.5815859436988831,0.37024036049842834,-0.046654995530843735
-171.9198827552516,18.226581573486328,-22.08938217163086,-71.12853240966797,-0.5845806002616882,0.37384170293807983,-0.035098668187856674
-170.88422081094285,17.61963653564453,-21.700361251831055,-71.15886688232422,-0.5874963998794556,0.37740370631217957,-0.023460419848561287
-169.8485588666341,17.00971221923828,-21.30767059326172,-71.1771011352539,-0.5903323888778687,0.38092589378356934,-0.011739054694771767
-168.81289692232534,16.396894454956055,-20.911354064941406,-71.18315124511719,-0.593087375164032,0.3844076991081238,6.665426917606965e-5
-167.7772349780166,15.781265258789062,-20.511451721191406,-71.17693328857422,-0.5957603454589844,0.3878486156463623,0.011957954615354538
-166.74157303370785,15.162910461425781,-20.108007431030273,-71.15835571289062,-0.5983499884605408,0.3912479877471924,0.023936118930578232
-165.7059110893991,14.54191780090332,-19.701065063476562,-71.1273193359375,-0.6008549928665161,0.39460518956184387,0.03600244224071503
-164.67024914509037,13.918375015258789,-19.290666580200195,-71.08374786376953,-0.6032741665840149,0.39791953563690186,0.04815824702382088
-163.63458720078162,13.29237174987793,-18.876859664916992,-71.02754211425781,-0.605605959892273,0.4011903405189514,0.06040487438440323
-162.59892525647288,12.663999557495117,-18.459688186645508,-70.95860290527344,-0.6078489422798157,0.4044167995452881,0.07274369150400162
-161.56326331216414,12.033350944519043,-18.03919792175293,-70.8768310546875,-0.6100015640258789,0.4075981080532074,0.08517608791589737
-160.5276013678554,11.400520324707031,-17.615436553955078,-70.78214263916016,-0.6120622158050537,0.4107334017753601,0.0977034717798233
-159.49193942354665,10.765604972839355,-17.188451766967773,-70.67442321777344,-0.6140291094779968,0.413821816444397,0.11032726615667343
-158.4562774792379,10.128700256347656,-16.75829315185547,-70.55358123779297,-0.6159005165100098,0.4168623685836792,0.12304893881082535
-157.42061553492917,9.489909172058105,-16.32501220703125,-70.41951751708984,-0.6176745295524597,0.4198540449142456,0.13586995005607605
-156.38495359062043,8.84933090209961,-15.888656616210938,-70.2721176147461,-0.6193492412567139,0.4227958023548126,0.14879180490970612
-155.34929164631168,8.207071304321289,-15.449281692504883,-70.11128234863281,-0.6209225058555603,0.4256865084171295,0.16181600093841553
-154.3136297020029,7.563234806060791,-15.006939888000488,-69.93690490722656,-0.6223921775817871,0.4285249710083008,0.17494408786296844
-153.27796775769417,6.91793155670166,-14.561686515808105,-69.7488784790039,-0.6237560510635376,0.4313099682331085,0.18817758560180664
-152.24230581338543,6.271271228790283,-14.113576889038086,-69.5470962524414,-0.6250117421150208,0.4340401887893677,0.20151805877685547
-151.2066438690767,5.623367786407471,-13.662668228149414,-69.33143615722656,-0.6261568069458008,0.4367142617702484,0.21496710181236267
-150.17098192476794,4.974337100982666,-13.209019660949707,-69.10179138183594,-0.6271886229515076,0.43933072686195374,0.2285262793302536
-149.1353199804592,4.324296951293945,-12.752692222595215,-68.85804748535156,-0.6281044483184814,0.44188809394836426,0.2421972006559372
-148.09965803615046,3.673369884490967,-12.293746948242188,-68.60008239746094,-0.6289016008377075,0.44438469409942627,0.2559814751148224
-147.06399609184172,3.0216801166534424,-11.83224868774414,-68.3277816772461,-0.6295769810676575,0.44681891798973083,0.2698806822299957
-146.02833414753297,2.3693552017211914,-11.36826229095459,-68.04103088378906,-0.6301275491714478,0.4491889476776123,0.28389647603034973
-144.99267220322423,1.7165260314941406,-10.90185546875,-67.73970031738281,-0.6305501461029053,0.45149296522140503,0.29803043603897095
-143.9570102589155,1.0633270740509033,-10.433097839355469,-67.42367553710938,-0.6308413743972778,0.45372897386550903,0.3122841715812683
-142.92134831460675,0.40989595651626587,-9.96205997467041,-67.09281921386719,-0.6309976577758789,0.45589494705200195,0.32665932178497314
-141.885686370298,-0.24362558126449585,-9.48881721496582,-66.74700927734375,-0.631015419960022,0.4579887092113495,0.3411574363708496
-140.85002442598926,-0.8970921039581299,-9.013442993164062,-66.3861312866211,-0.6308907270431519,0.46000805497169495,0.35578012466430664
-139.8143624816805,-1.55035400390625,-8.536017417907715,-66.0100326538086,-0.6306196451187134,0.46195054054260254,0.370528906583786
-138.77870053737175,-2.2032575607299805,-8.056621551513672,-65.61859893798828,-0.6301979422569275,0.4638136923313141,0.38540536165237427
-137.743038593063,-2.855644464492798,-7.575337886810303,-65.2116928100586,-0.6296212673187256,0.4655948877334595,0.4004109799861908
-136.70737664875426,-3.507352113723755,-7.092252731323242,-64.78916931152344,-0.6288850903511047,0.46729138493537903,0.4155471920967102
-135.67171470444552,-4.158212661743164,-6.607456207275391,-64.35091400146484,-0.6279845237731934,0.46890029311180115,0.4308154284954071
-134.63605276013678,-4.808053016662598,-6.121039867401123,-63.896766662597656,-0.6269147396087646,0.4704185724258423,0.44621706008911133
-133.60039081582804,-5.456696033477783,-5.63309907913208,-63.426605224609375,-0.6256704330444336,0.47184303402900696,0.46175336837768555
-132.5647288715193,-6.103957176208496,-5.143733501434326,-62.94028091430664,-0.6242462396621704,0.47317031025886536,0.47742560505867004
-131.52906692721055,-6.749648094177246,-4.653045177459717,-62.437652587890625,-0.6226364374160767,0.4743969142436981,0.49323490262031555
-130.4934049829018,-7.393572807312012,-4.161139965057373,-61.918582916259766,-0.6208351254463196,0.47551918029785156,0.5091822743415833
-129.45774303859307,-8.035530090332031,-3.66812801361084,-61.3829231262207,-0.6188361644744873,0.4765332043170929,0.5252687335014343
-128.42208109428432,-8.675312042236328,-3.174124002456665,-60.83053207397461,-0.6166331768035889,0.4774349629878998,0.5414950251579285
-127.38641914997557,-9.312704086303711,-2.679245948791504,-60.26126480102539,-0.6142193078994751,0.478220134973526,0.5578619241714478
-126.35075720566682,-9.947484016418457,-2.183616876602173,-59.67497253417969,-0.611587643623352,0.47888433933258057,0.5743697881698608
-125.31509526135808,-10.579422950744629,-1.6873646974563599,-59.071510314941406,-0.6087308526039124,0.47942280769348145,0.5910191535949707
-124.27943331704934,-11.208282470703125,-1.190622091293335,-58.45072937011719,-0.6056413650512695,0.47983062267303467,0.6078100204467773
-123.2437713727406,-11.833819389343262,-0.6935269832611084,-57.8124885559082,-0.6023111939430237,0.48010268807411194,0.6247423887252808
-122.20810942843185,-12.455778121948242,-0.1962226927280426,-57.156639099121094,-0.598732054233551,0.4802335500717163,0.6418159604072571
-121.1724474841231,-13.073898315429688,0.30114156007766724,-56.4830322265625,-0.5948954224586487,0.48021751642227173,0.6590301394462585
-120.13678553981435,-13.687907218933105,0.7984105944633484,-55.791526794433594,-0.5907922983169556,0.4800487160682678,0.6763840317726135
-119.10112359550561,-14.297525405883789,1.2954230308532715,-55.081974029541016,-0.5864133238792419,0.4797208309173584,0.6938764452934265
-118.06546165119687,-14.902461051940918,1.7920106649398804,-54.3542366027832,-0.5817487835884094,0.4792273938655853,0.7115058302879333
-117.02979970688813,-15.502413749694824,2.287998676300049,-53.60816955566406,-0.5767886638641357,0.47856155037879944,0.7292701005935669
-115.99413776257938,-16.097070693969727,2.7832047939300537,-52.84363555908203,-0.5715224742889404,0.4777161777019501,0.7471668720245361
-114.95847581827064,-16.686111450195312,3.2774391174316406,-52.06049728393555,-0.5659393072128296,0.4766837954521179,0.7651932835578918
-113.92281387396189,-17.269201278686523,3.7705039978027344,-51.258628845214844,-0.5600279569625854,0.4754565358161926,0.7833456993103027
-112.88715192965314,-17.84599494934082,4.262193202972412,-50.43789291381836,-0.5537766814231873,0.47402632236480713,0.8016201853752136
-111.8514899853444,-18.4161319732666,4.752293109893799,-49.59817123413086,-0.5471735000610352,0.47238457202911377,0.8200119733810425
-110.81582804103566,-18.9792423248291,5.240578651428223,-48.73934555053711,-0.5402058362960815,0.4705224335193634,0.83851557970047
-109.78016609672692,-19.534942626953125,5.726818084716797,-47.861297607421875,-0.5328608751296997,0.46843060851097107,0.8571248054504395
-108.74450415241817,-20.082834243774414,6.21076774597168,-46.96392822265625,-0.5251253247261047,0.46609950065612793,0.8758325576782227
-107.70884220810943,-20.622507095336914,6.692174911499023,-46.04713439941406,-0.5169855952262878,0.46351906657218933,0.8946308493614197
-106.67318026380067,-21.153533935546875,7.1707763671875,-45.1108283996582,-0.5084275603294373,0.46067893505096436,0.9135105609893799
-105.63751831949193,-21.67547607421875,7.646296977996826,-44.15493392944336,-0.4994369447231293,0.45756828784942627,0.9324616193771362
-104.60185637518319,-22.187875747680664,8.118451118469238,-43.179378509521484,-0.48999911546707153,0.45417600870132446,0.9514725804328918
-103.56619443087445,-22.690263748168945,8.58694076538086,-42.18410873413086,-0.4800991117954254,0.4504905939102173,0.9705308675765991
-102.5305324865657,-23.182151794433594,9.051457405090332,-41.16908264160156,-0.46972182393074036,0.44650015234947205,0.9896224141120911
-101.49487054225696,-23.663040161132812,9.511677742004395,-40.134273529052734,-0.4588519036769867,0.44219252467155457,1.0087316036224365
-100.45920859794822,-24.132408142089844,9.967267990112305,-39.079673767089844,-0.4474739730358124,0.437555193901062,1.027841329574585
-99.42354665363948,-24.5897216796875,10.417878150939941,-38.005287170410156,-0.4355725646018982,0.43257543444633484,1.0469326972961426
-98.38788470933072,-25.034433364868164,10.86314868927002,-36.91115188598633,-0.4231323301792145,0.4272402226924896,1.0659847259521484
-97.35222276502198,-25.465974807739258,11.302703857421875,-35.79730987548828,-0.4101380705833435,0.4215364456176758,1.084974765777588
-96.31656082071324,-25.883766174316406,11.73615550994873,-34.66384506225586,-0.3965749144554138,0.4154508411884308,1.1038779020309448
-95.28089887640449,-26.287208557128906,12.163101196289062,-33.510860443115234,-0.382428377866745,0.40897008776664734,1.1226670742034912
-94.24523693209575,-26.67569351196289,12.583124160766602,-32.3384895324707,-0.36768463253974915,0.4020809829235077,1.141312837600708
-93.20957498778701,-27.04859161376953,12.995795249938965,-31.146892547607422,-0.35233065485954285,0.39477044343948364,1.1597834825515747
-92.17391304347827,-27.405269622802734,13.40067195892334,-29.9362735748291,-0.3363542854785919,0.3870256245136261,1.1780444383621216
-91.13825109916951,-27.745071411132812,13.797296524047852,-28.706867218017578,-0.31974470615386963,0.3788341283798218,1.1960588693618774
-90.10258915486077,-28.067340850830078,14.185201644897461,-27.458946228027344,-0.3024924397468567,0.3701840937137604,1.2137870788574219
-89.06692721055202,-28.37140655517578,14.563905715942383,-26.192832946777344,-0.2845897972583771,0.36106443405151367,1.231186866760254
-88.03126526624328,-28.656593322753906,14.932917594909668,-24.90888786315918,-0.26603102684020996,0.3514649271965027,1.248213291168213
-86.99560332193454,-28.922216415405273,15.29173469543457,-23.607524871826172,-0.24681274592876434,0.3413764238357544,1.264818549156189
-85.9599413776258,-29.167593002319336,15.639846801757812,-22.289201736450195,-0.22693409025669098,0.3307911455631256,1.2809525728225708
-84.92427943331705,-29.39204216003418,15.976737022399902,-20.954437255859375,-0.20639725029468536,0.3197029232978821,1.296562671661377
-83.8886174890083,-29.594884872436523,16.3018798828125,-19.603801727294922,-0.18520762026309967,0.30810728669166565,1.311594009399414
-82.85295554469955,-29.77544593811035,16.614749908447266,-18.2379207611084,-0.16337424516677856,0.29600194096565247,1.325989842414856
-81.81729360039081,-29.933067321777344,16.914819717407227,-16.857486724853516,-0.14091013371944427,0.28338682651519775,1.3396915197372437
-80.78163165608207,-30.06710433959961,17.201560974121094,-15.46324634552002,-0.11783251911401749,0.27026450634002686,1.352639079093933
-79.74596971177333,-30.176931381225586,17.474451065063477,-14.056014060974121,-0.0941632091999054,0.25664034485816956,1.364772081375122
-78.71030776746458,-30.261951446533203,17.73297691345215,-12.636664390563965,-0.06992879509925842,0.24252279102802277,1.3760292530059814
-77.67464582315584,-30.321592330932617,17.97662925720215,-11.206134796142578,-0.045160841196775436,0.22792361676692963,1.386350154876709
-76.63898387884709,-30.355321884155273,18.204917907714844,-9.765427589416504,-0.019896041601896286,0.21285800635814667,1.3956750631332397
-75.60332193453834,-30.362648010253906,18.41737174987793,-8.315604209899902,0.005823743995279074,0.19734476506710052,1.4039456844329834
-74.5676599902296,-30.34311866760254,18.613536834716797,-6.857784271240234,0.03195149824023247,0.1814064383506775,1.4111065864562988
-73.53199804592086,-30.296342849731445,18.792985916137695,-5.393146514892578,0.05843517184257507,0.16506929695606232,1.4171053171157837
-72.49633610161212,-30.22197723388672,18.955322265625,-3.9229187965393066,0.08521787077188492,0.148363396525383,1.421892523765564
-71.46067415730337,-30.119747161865234,19.10017967224121,-2.448380470275879,0.1122380793094635,0.1313224881887436,1.425421953201294
-70.42501221299463,-29.989437103271484,19.227230072021484,-0.9708611965179443,0.13942936062812805,0.1139843687415123,1.427635908126831
-69.38935026868587,-29.83091163635254,19.336191177368164,0.5081285238265991,0.16670730710029602,0.09639944136142731,1.4280325174331665
-68.35368832437713,-29.644161224365234,19.426856994628906,1.9862877130508423,0.1939084231853485,0.07867101579904556,1.4262419939041138
-67.31802638006839,-29.42932891845703,19.49911880493164,3.4618589878082275,0.2209235578775406,0.06086963415145874,1.4230551719665527
-66.28236443575965,-29.1866455078125,19.552928924560547,4.933433532714844,0.24767881631851196,0.043044377118349075,1.41852867603302
-65.2467024914509,-28.916419982910156,19.588285446166992,6.399637222290039,0.27410414814949036,0.025242982432246208,1.4126876592636108
-64.21104054714216,-28.6190242767334,19.605239868164062,7.859123229980469,0.30013275146484375,0.007512231357395649,1.4055609703063965
-63.17537860283341,-28.294906616210938,19.6038875579834,9.310577392578125,0.3257014751434326,-0.010102431289851665,1.397183895111084
-62.13971665852467,-27.944570541381836,19.584369659423828,10.752725601196289,0.35075142979621887,-0.02755734696984291,1.3875974416732788
-61.10405471421593,-27.568584442138672,19.546875,12.18433952331543,0.37522852420806885,-0.04481106996536255,1.3768486976623535
-60.06839276990718,-27.167566299438477,19.491634368896484,13.604242324829102,0.3990837633609772,-0.06182472035288811,1.3649897575378418
-59.032730825598435,-26.7421817779541,19.418912887573242,15.011312484741211,0.4222736358642578,-0.07856230437755585,1.3520768880844116
-57.99706888128969,-26.293142318725586,19.32901382446289,16.40448760986328,0.4447603225708008,-0.09499093890190125,1.338169813156128
-56.96140693698094,-25.82119369506836,19.222272872924805,17.782773971557617,0.4665115773677826,-0.11108103394508362,1.3233307600021362
-55.9257449926722,-25.327110290527344,19.09905433654785,19.145235061645508,0.4875009059906006,-0.1268063634634018,1.3076239824295044
-54.89008304836346,-24.811691284179688,18.959749221801758,20.491008758544922,0.5077072978019714,-0.142144113779068,1.2911144495010376
-53.854421104054715,-24.275758743286133,18.804767608642578,21.81929588317871,0.5271151661872864,-0.15707485377788544,1.2738674879074097
-52.818759159745966,-23.720144271850586,18.63454246520996,23.12936782836914,0.5457138419151306,-0.1715824455022812,1.2559481859207153
-51.78309721543722,-23.14569091796875,18.44951629638672,24.420562744140625,0.5634975433349609,-0.18565396964550018,1.2374203205108643
-50.74743527112848,-22.553241729736328,18.250146865844727,25.692277908325195,0.5804647207260132,-0.19927948713302612,1.2183464765548706
-49.71177332681974,-21.943641662597656,18.03689956665039,26.943984985351562,0.5966178178787231,-0.21245190501213074,1.198786973953247
-48.67611138251099,-21.317731857299805,17.81024742126465,28.175207138061523,0.6119629144668579,-0.22516673803329468,1.178800106048584
-47.640449438202246,-20.67634391784668,17.57066535949707,29.385534286499023,0.6265093088150024,-0.2374219447374344,1.1584415435791016
-46.604787493893504,-20.02029800415039,17.318628311157227,30.57460594177246,0.640268862247467,-0.24921762943267822,1.1377638578414917
-45.569125549584754,-19.350406646728516,17.05461311340332,31.74211883544922,0.6532560586929321,-0.26055583357810974,1.1168172359466553
-44.53346360527601,-18.667455673217773,16.779090881347656,32.8878173828125,0.6654871702194214,-0.27144038677215576,1.0956482887268066
-43.49780166096727,-17.97222137451172,16.49252700805664,34.011497497558594,0.6769802570343018,-0.2818765640258789,1.074300765991211
-42.46213971665853,-17.265457153320312,16.195384979248047,35.11299514770508,0.68775475025177,-0.29187092185020447,1.0528156757354736
-41.42647777234978,-16.54789924621582,15.888117790222168,36.19218826293945,0.6978309750556946,-0.30143120884895325,1.0312303304672241
-40.390815828041035,-15.820258140563965,15.57116985321045,37.248985290527344,0.7072302103042603,-0.3105660378932953,1.0095797777175903
-39.35515388373229,-15.083223342895508,15.244978904724121,38.28334045410156,0.7159741520881653,-0.3192847669124603,0.9878958463668823
-38.31949193942354,-14.337462425231934,14.909968376159668,39.29523468017578,0.7240848541259766,-0.32759737968444824,0.9662076830863953
-37.2838299951148,-13.583619117736816,14.56655502319336,40.2846794128418,0.7315845489501953,-0.3355143368244171,0.9445417523384094
-36.24816805080606,-12.82231616973877,14.215142250061035,41.251705169677734,0.7384954690933228,-0.3430464565753937,0.9229221343994141
-35.212506106497315,-12.05415153503418,13.856122970581055,42.196372985839844,0.7448395490646362,-0.35020479559898376,0.9013707041740417
-34.176844162188566,-11.27970027923584,13.489879608154297,43.11876678466797,0.7506387233734131,-0.357000470161438,0.8799068331718445
-33.14118221787982,-10.499516487121582,13.116781234741211,44.01898193359375,0.7559142708778381,-0.3634447753429413,0.858548104763031
-32.10552027357108,-9.714131355285645,12.73718547821045,44.89713668823242,0.7606871724128723,-0.3695489168167114,0.8373101353645325
-31.069858329262335,-8.924053192138672,12.351439476013184,45.75336837768555,0.7649779915809631,-0.3753240704536438,0.8162066340446472
-30.03419638495359,-8.129773139953613,11.959877967834473,46.58781814575195,0.7688065767288208,-0.38078126311302185,0.7952499389648438
-28.998534440644846,-7.331758975982666,11.562824249267578,47.40064239501953,0.7721922397613525,-0.3859313428401947,0.7744506597518921
-27.9628724963361,-6.530459403991699,11.160591125488281,48.192012786865234,0.7751536965370178,-0.3907850384712219,0.7538180947303772
-26.927210552027358,-5.72630500793457,10.753479957580566,48.96210479736328,0.7777089476585388,-0.39535272121429443,0.7333604097366333
-25.89154860771861,-4.91970682144165,10.341782569885254,49.71110153198242,0.7798753976821899,-0.3996446132659912,0.71308434009552
-24.85588666340987,-4.111058712005615,9.92577838897705,50.4391975402832,0.7816697359085083,-0.4036705791950226,0.6929959058761597
-23.820224719101123,-3.3007383346557617,9.505738258361816,51.14658737182617,0.783108115196228,-0.4074402451515198,0.6730998754501343
-22.784562774792377,-2.489105701446533,9.081923484802246,51.833473205566406,0.7842059135437012,-0.4109629690647125,0.6534003615379333
-21.748900830483635,-1.6765062808990479,8.654582977294922,52.50006103515625,0.7849778532981873,-0.4142477512359619,0.63390052318573
-20.71323888617489,-0.8632699251174927,8.223960876464844,53.14655685424805,0.7854381799697876,-0.41730332374572754,0.6146029829978943
-19.677576941866146,-0.049712441861629486,7.790289402008057,53.77317428588867,0.7856003046035767,-0.42013806104660034,0.5955096483230591
-18.6419149975574,0.7638642191886902,7.353792667388916,54.38011932373047,0.7854771614074707,-0.4227600693702698,0.5766217112541199
-17.606253053248658,1.5771710872650146,6.914687156677246,54.967613220214844,0.785081148147583,-0.4251772165298462,0.5579401254653931
-16.57059110893991,2.3899314403533936,6.473180770874023,55.535865783691406,0.7844239473342896,-0.4273969233036041,0.5394652485847473
-15.534929164631167,3.201880931854248,6.029475212097168,56.0850944519043,0.7835168242454529,-0.4294264614582062,0.5211969017982483
-14.499267220322423,4.012765884399414,5.583763122558594,56.61550521850586,0.7823704481124878,-0.4312727153301239,0.5031347870826721
-13.463605276013679,4.8223443031311035,5.13623046875,57.1273193359375,0.7809949517250061,-0.43294236063957214,0.48527806997299194
-12.427943331704935,5.630383491516113,4.687057971954346,57.62074279785156,0.7794001698493958,-0.43444177508354187,0.46762579679489136
-11.392281387396189,6.436661720275879,4.236417770385742,58.09599304199219,0.7775951623916626,-0.43577706813812256,0.4501766562461853
-10.356619443087444,7.240965366363525,3.7844769954681396,58.55327606201172,0.7755888104438782,-0.4369540512561798,0.432929128408432
-9.3209574987787,8.0430908203125,3.33139705657959,58.9927978515625,0.773389458656311,-0.4379784166812897,0.41588154435157776
-8.285295554469956,8.842842102050781,2.8773326873779297,59.41476821899414,0.7710050344467163,-0.43885543942451477,0.39903202652931213
-7.2496336101612115,9.640030860900879,2.4224343299865723,59.81938934326172,0.7684431076049805,-0.43959033489227295,0.38237854838371277
-6.213971665852467,10.434477806091309,1.9668461084365845,60.20686721801758,0.7657108902931213,-0.4401880204677582,0.3659190535545349
-5.178309721543722,11.226009368896484,1.5107080936431885,60.577392578125,0.7628151178359985,-0.44065314531326294,0.3496512472629547
-4.142647777234978,12.014460563659668,1.0541549921035767,60.93117141723633,0.7597624063491821,-0.44099026918411255,0.3335728049278259
-3.1069858329262336,12.799671173095703,0.597317099571228,61.268394470214844,0.7565587759017944,-0.44120365381240845,0.31768137216567993
-2.071323888617489,13.581488609313965,0.1403205394744873,61.589256286621094,0.753210186958313,-0.4412974715232849,0.30197444558143616
-1.0356619443087445,14.359766006469727,-0.3167129456996918,61.89394760131836,0.7497222423553467,-0.44127559661865234,0.2864495813846588
0.0,15.134360313415527,-0.7736655473709106,62.182647705078125,0.746100127696991,-0.44114184379577637,0.27110418677330017
